0.0, 0.011948
10.0, 0.035845
20.0, 0.059741
30.0, 0.083638
40.0, 0.107534
50.0, 0.131431
60.0, 0.155327
70.0, 0.179224
80.0, 0.20312
90.0, 0.227017
100.0, 0.248675
110.0, 0.265744
120.0, 0.275968
130.0, 0.284545
140.0, 0.331758
150.0, 0.377022
160.0, 0.417953
170.0, 0.454752
180.0, 0.487804
190.0, 0.518422
200.0, 0.549875
210.0, 0.575301
220.0, 0.601178
230.0, 0.625292
240.0, 0.645284
250.0, 0.668141
260.0, 0.685841
270.0, 0.702977
280.0, 0.720637
290.0, 0.736213
300.0, 0.750325
310.0, 0.763887
320.0, 0.777076
330.0, 0.789513
340.0, 0.800435
350.0, 0.810973
360.0, 0.82106
370.0, 0.83105
380.0, 0.840582
390.0, 0.848332
400.0, 0.856181
410.0, 0.863016
420.0, 0.870025
430.0, 0.876739
440.0, 0.88283
450.0, 0.888863
460.0, 0.894626
470.0, 0.899025
480.0, 0.903502
490.0, 0.908074
500.0, 0.912228
510.0, 0.915891
520.0, 0.918876
530.0, 0.921013
540.0, 0.922848
550.0, 0.923509
560.0, 0.919867
570.0, 0.89948
580.0, 0.887043
590.0, 0.891112
600.0, 0.894331
610.0, 0.897855
620.0, 0.901439
630.0, 0.905087
640.0, 0.908764
650.0, 0.912441
660.0, 0.915514
670.0, 0.918562
680.0, 0.92129
690.0, 0.923556
700.0, 0.925822
710.0, 0.927893
720.0, 0.929866
730.0, 0.93184
740.0, 0.933805
750.0, 0.935768
760.0, 0.93773
770.0, 0.939149
780.0, 0.940469
790.0, 0.941788
800.0, 0.943344
810.0, 0.944976
820.0, 0.946608
830.0, 0.948015
840.0, 0.949234
850.0, 0.950453
860.0, 0.95164
870.0, 0.9527
880.0, 0.95376
890.0, 0.95482
900.0, 0.95585
910.0, 0.956869
920.0, 0.957888
930.0, 0.958891
940.0, 0.959767
950.0, 0.960643
960.0, 0.961519
970.0, 0.962207
980.0, 0.962547
990.0, 0.962886
1000.0, 0.963226
1010.0, 0.963933
1020.0, 0.964918
1030.0, 0.965902
1040.0, 0.966887
1050.0, 0.967711
1060.0, 0.96826
1070.0, 0.968808
1080.0, 0.969356
1090.0, 0.969884
1100.0, 0.970279
1110.0, 0.970674
1120.0, 0.971068
1130.0, 0.971463
1140.0, 0.971908
1150.0, 0.972372
1160.0, 0.972836
1170.0, 0.9733
1180.0, 0.973727
1190.0, 0.973928
1200.0, 0.974129
1210.0, 0.974331
1220.0, 0.974532
1230.0, 0.974671
1240.0, 0.974708
1250.0, 0.974744
1260.0, 0.974781
1270.0, 0.974817
1280.0, 0.974979
1290.0, 0.975316
1300.0, 0.975653
1310.0, 0.975989
1320.0, 0.976326
1330.0, 0.976651
1340.0, 0.976938
1350.0, 0.977226
1360.0, 0.977513
1370.0, 0.977801
1380.0, 0.978089
1390.0, 0.97818
1400.0, 0.978247
1410.0, 0.978315
1420.0, 0.978382
1430.0, 0.978449
1440.0, 0.978495
1450.0, 0.978493
1460.0, 0.97849
1470.0, 0.978488
1480.0, 0.978486
1490.0, 0.978483
1500.0, 0.978481
1510.0, 0.978479
1520.0, 0.978476
1530.0, 0.978474
1540.0, 0.978472
1550.0, 0.97847
1560.0, 0.978368
1570.0, 0.978149
1580.0, 0.977931
1590.0, 0.977712
1600.0, 0.977493
1610.0, 0.977274
1620.0, 0.974474
1630.0, 0.946077
1640.0, 0.946345
1650.0, 0.946614
1660.0, 0.946883
1670.0, 0.947152
1680.0, 0.947421
1690.0, 0.947689
1700.0, 0.947987
1710.0, 0.948354
1720.0, 0.948721
1730.0, 0.949088
1740.0, 0.949455
1750.0, 0.949822
1760.0, 0.950189
1770.0, 0.950574
1780.0, 0.950982
1790.0, 0.951389
1800.0, 0.951797
1810.0, 0.952204
1820.0, 0.952611
1830.0, 0.953019
1840.0, 0.953389
1850.0, 0.953676
1860.0, 0.953963
1870.0, 0.95425
1880.0, 0.954536
1890.0, 0.954823
1900.0, 0.95511
1910.0, 0.955397
1920.0, 0.955674
1930.0, 0.955949
1940.0, 0.956225
1950.0, 0.9565
1960.0, 0.956776
1970.0, 0.957052
1980.0, 0.957327
1990.0, 0.957585
2000.0, 0.957753
2010.0, 0.957921
2020.0, 0.958089
2030.0, 0.958257
2040.0, 0.958425
2050.0, 0.958593
2060.0, 0.958761
2070.0, 0.958941
2080.0, 0.959196
2090.0, 0.95945
2100.0, 0.959705
2110.0, 0.95996
2120.0, 0.960214
2130.0, 0.960469
2140.0, 0.960724
2150.0, 0.960978
2160.0, 0.961173
2170.0, 0.96135
2180.0, 0.961528
2190.0, 0.961705
2200.0, 0.961883
2210.0, 0.962061
2220.0, 0.962238
2230.0, 0.962416
2240.0, 0.962595
2250.0, 0.962787
2260.0, 0.96298
2270.0, 0.963172
2280.0, 0.963364
2290.0, 0.963556
2300.0, 0.963749
2310.0, 0.963941
2320.0, 0.964133
2330.0, 0.964323
2340.0, 0.964466
2350.0, 0.96461
2360.0, 0.964753
2370.0, 0.964897
2380.0, 0.96504
2390.0, 0.965183
2400.0, 0.965327
2410.0, 0.96547
2420.0, 0.965614
2430.0, 0.965728
2440.0, 0.965826
2450.0, 0.965924
2460.0, 0.966022
2470.0, 0.96612
2480.0, 0.966218
2490.0, 0.966316
2500.0, 0.966414
2510.0, 0.966512
2520.0, 0.96661
2530.0, 0.966772
2540.0, 0.966943
2550.0, 0.967114
2560.0, 0.967284
2570.0, 0.967455
2580.0, 0.967626
2590.0, 0.967797
2600.0, 0.967968
2610.0, 0.968138
2620.0, 0.968309
2630.0, 0.968424
2640.0, 0.968515
2650.0, 0.968605
2660.0, 0.968696
2670.0, 0.968787
2680.0, 0.968877
2690.0, 0.968968
2700.0, 0.969059
2710.0, 0.969149
2720.0, 0.96924
2730.0, 0.969332
2740.0, 0.969437
2750.0, 0.969542
2760.0, 0.969647
2770.0, 0.969751
2780.0, 0.969856
2790.0, 0.969961
2800.0, 0.970066
2810.0, 0.970171
2820.0, 0.970275
2830.0, 0.97038
2840.0, 0.970478
2850.0, 0.970511
2860.0, 0.970543
2870.0, 0.970576
2880.0, 0.970609
2890.0, 0.970642
2900.0, 0.970675
2910.0, 0.970707
2920.0, 0.97074
2930.0, 0.970773
2940.0, 0.970806
2950.0, 0.970839
2960.0, 0.970934
2970.0, 0.971063
2980.0, 0.971193
2990.0, 0.971322
3000.0, 0.971452
3010.0, 0.971581
3020.0, 0.971711
3030.0, 0.97184
3040.0, 0.97197
3050.0, 0.972099
3060.0, 0.972229
3070.0, 0.972358
3080.0, 0.972507
3090.0, 0.972663
3100.0, 0.972819
3110.0, 0.972975
3120.0, 0.973131
3130.0, 0.973286
3140.0, 0.973442
3150.0, 0.973598
3160.0, 0.973754
3170.0, 0.97391
3180.0, 0.974066
3190.0, 0.974222
3200.0, 0.974326
3210.0, 0.974325
3220.0, 0.974324
3230.0, 0.974323
3240.0, 0.974322
3250.0, 0.974321
3260.0, 0.97432
3270.0, 0.974319
3280.0, 0.974318
3290.0, 0.974316
3300.0, 0.974315
3310.0, 0.974314
3320.0, 0.974313
3330.0, 0.974312
3340.0, 0.974311
3350.0, 0.97431
3360.0, 0.974309
3370.0, 0.974308
3380.0, 0.974307
3390.0, 0.974306
3400.0, 0.974305
3410.0, 0.974304
3420.0, 0.974303
3430.0, 0.974302
3440.0, 0.974301
3450.0, 0.9743
3460.0, 0.974299
3470.0, 0.974326
3480.0, 0.974353
3490.0, 0.97438
3500.0, 0.974407
3510.0, 0.974434
3520.0, 0.974461
3530.0, 0.974488
3540.0, 0.974515
3550.0, 0.974542
3560.0, 0.974569
3570.0, 0.974596
3580.0, 0.974622
3590.0, 0.974649
3600.0, 0.974681
3610.0, 0.974787
3620.0, 0.974894
3630.0, 0.975
3640.0, 0.975106
3650.0, 0.975213
3660.0, 0.975319
3670.0, 0.975425
3680.0, 0.975532
3690.0, 0.975638
3700.0, 0.975744
3710.0, 0.97585
3720.0, 0.975957
3730.0, 0.976063
3740.0, 0.976169
3750.0, 0.976218
3760.0, 0.976217
3770.0, 0.976216
3780.0, 0.976215
3790.0, 0.976214
3800.0, 0.976213
3810.0, 0.976212
3820.0, 0.976211
3830.0, 0.97621
3840.0, 0.976209
3850.0, 0.976209
3860.0, 0.976208
3870.0, 0.976207
3880.0, 0.976206
3890.0, 0.976205
3900.0, 0.976209
3910.0, 0.976221
3920.0, 0.976232
3930.0, 0.976244
3940.0, 0.976256
3950.0, 0.976267
3960.0, 0.976279
3970.0, 0.97629
3980.0, 0.976302
3990.0, 0.976313
4000.0, 0.976325
4010.0, 0.976336
4020.0, 0.976348
4030.0, 0.976359
4040.0, 0.976371
4050.0, 0.976382
4060.0, 0.976445
4070.0, 0.976528
4080.0, 0.97661
4090.0, 0.976693
4100.0, 0.976775
4110.0, 0.976858
4120.0, 0.97694
4130.0, 0.977023
4140.0, 0.977106
4150.0, 0.977188
4160.0, 0.977271
4170.0, 0.977353
4180.0, 0.977436
4190.0, 0.977518
4200.0, 0.977601
4210.0, 0.977683
4220.0, 0.977743
4230.0, 0.977765
4240.0, 0.977787
4250.0, 0.977809
4260.0, 0.977831
4270.0, 0.977853
4280.0, 0.977875
4290.0, 0.977897
4300.0, 0.977919
4310.0, 0.977941
4320.0, 0.977964
4330.0, 0.977986
4340.0, 0.978008
4350.0, 0.97803
4360.0, 0.978052
4370.0, 0.978074
4380.0, 0.978096
4390.0, 0.978109
4400.0, 0.978109
4410.0, 0.978108
4420.0, 0.978107
4430.0, 0.978106
4440.0, 0.978106
4450.0, 0.978105
4460.0, 0.978104
4470.0, 0.978103
4480.0, 0.978102
4490.0, 0.978102
4500.0, 0.978101
4510.0, 0.9781
4520.0, 0.978099
4530.0, 0.978099
4540.0, 0.978098
4550.0, 0.978097
4560.0, 0.978096
4570.0, 0.978096
4580.0, 0.978095
4590.0, 0.978094
4600.0, 0.978093
4610.0, 0.978093
4620.0, 0.978092
4630.0, 0.978091
4640.0, 0.97809
4650.0, 0.97809
4660.0, 0.978089
4670.0, 0.978088
4680.0, 0.978087
4690.0, 0.978087
4700.0, 0.978086
4710.0, 0.978085
4720.0, 0.978084
4730.0, 0.978084
4740.0, 0.978083
4750.0, 0.978082
4760.0, 0.978081
4770.0, 0.978081
4780.0, 0.97808
4790.0, 0.978079
4800.0, 0.978079
4810.0, 0.978078
4820.0, 0.978077
4830.0, 0.978076
4840.0, 0.978076
4850.0, 0.978075
4860.0, 0.978074
4870.0, 0.978074
4880.0, 0.978073
4890.0, 0.978072
4900.0, 0.978071
4910.0, 0.978071
4920.0, 0.97807
4930.0, 0.978069
4940.0, 0.978069
4950.0, 0.978068
4960.0, 0.978067
4970.0, 0.978067
4980.0, 0.978066
4990.0, 0.978065
5000.0, 0.978064
5010.0, 0.978064
5020.0, 0.978063
5030.0, 0.978062
5040.0, 0.978062
5050.0, 0.978061
5060.0, 0.97806
5070.0, 0.97806
5080.0, 0.978059
5090.0, 0.978058
5100.0, 0.978058
5110.0, 0.978057
5120.0, 0.978056
5130.0, 0.978056
5140.0, 0.978055
5150.0, 0.978054
5160.0, 0.978054
5170.0, 0.978053
5180.0, 0.978052
5190.0, 0.978052
5200.0, 0.978051
5210.0, 0.97805
5220.0, 0.97805
5230.0, 0.978049
5240.0, 0.978048
5250.0, 0.978048
5260.0, 0.978047
5270.0, 0.978046
5280.0, 0.978046
5290.0, 0.978045
5300.0, 0.978044
5310.0, 0.978044
5320.0, 0.978043
5330.0, 0.978042
5340.0, 0.978042
5350.0, 0.978041
5360.0, 0.97804
5370.0, 0.97804
5380.0, 0.978039
5390.0, 0.978038
5400.0, 0.978038
5410.0, 0.978037
5420.0, 0.978037
5430.0, 0.978036
5440.0, 0.978035
5450.0, 0.978035
5460.0, 0.978034
5470.0, 0.978033
5480.0, 0.978033
5490.0, 0.978032
5500.0, 0.978031
5510.0, 0.978031
5520.0, 0.97803
5530.0, 0.97803
5540.0, 0.978029
5550.0, 0.978028
5560.0, 0.978028
5570.0, 0.978027
5580.0, 0.978026
5590.0, 0.978026
5600.0, 0.978025
5610.0, 0.978025
5620.0, 0.978024
5630.0, 0.978023
5640.0, 0.978023
5650.0, 0.978022
5660.0, 0.978022
5670.0, 0.978021
5680.0, 0.97802
5690.0, 0.97802
5700.0, 0.978019
5710.0, 0.978018
5720.0, 0.978018
5730.0, 0.978017
5740.0, 0.978017
5750.0, 0.978016
5760.0, 0.978015
5770.0, 0.978015
5780.0, 0.978014
5790.0, 0.978014
5800.0, 0.978013
5810.0, 0.978012
5820.0, 0.978012
5830.0, 0.978011
5840.0, 0.978011
5850.0, 0.97801
5860.0, 0.97801
5870.0, 0.978009
5880.0, 0.978008
5890.0, 0.978008
5900.0, 0.978007
5910.0, 0.978007
5920.0, 0.978006
5930.0, 0.978005
5940.0, 0.978005
5950.0, 0.978004
5960.0, 0.978004
5970.0, 0.978003
5980.0, 0.978002
5990.0, 0.978002
6000.0, 0.978001
6010.0, 0.978001
6020.0, 0.978004
6030.0, 0.978019
6040.0, 0.978035
6050.0, 0.97805
6060.0, 0.978066
6070.0, 0.978081
6080.0, 0.978097
6090.0, 0.978112
6100.0, 0.978128
6110.0, 0.978143
6120.0, 0.978159
6130.0, 0.978174
6140.0, 0.97819
6150.0, 0.978205
6160.0, 0.978221
6170.0, 0.978236
6180.0, 0.978252
6190.0, 0.978267
6200.0, 0.978283
6210.0, 0.978298
6220.0, 0.978314
6230.0, 0.978329
6240.0, 0.978345
6250.0, 0.97836
6260.0, 0.978375
6270.0, 0.978398
6280.0, 0.978421
6290.0, 0.978443
6300.0, 0.978466
6310.0, 0.978488
6320.0, 0.978511
6330.0, 0.978534
6340.0, 0.978556
6350.0, 0.978579
6360.0, 0.978601
6370.0, 0.978624
6380.0, 0.978646
6390.0, 0.978669
6400.0, 0.978692
6410.0, 0.978714
6420.0, 0.978737
6430.0, 0.978759
6440.0, 0.978782
6450.0, 0.978805
6460.0, 0.978827
6470.0, 0.97885
6480.0, 0.978872
6490.0, 0.978895
6500.0, 0.978918
6510.0, 0.97894
6520.0, 0.978946
6530.0, 0.978945
6540.0, 0.978945
6550.0, 0.978944
6560.0, 0.978944
6570.0, 0.978943
6580.0, 0.978943
6590.0, 0.978942
6600.0, 0.978942
6610.0, 0.978941
6620.0, 0.97894
6630.0, 0.97894
6640.0, 0.978939
6650.0, 0.978939
6660.0, 0.978938
6670.0, 0.978938
6680.0, 0.978937
6690.0, 0.978937
6700.0, 0.978936
6710.0, 0.978936
6720.0, 0.978935
6730.0, 0.978935
6740.0, 0.978934
6750.0, 0.978934
6760.0, 0.978933
6770.0, 0.978933
6780.0, 0.978925
6790.0, 0.97891
6800.0, 0.978896
6810.0, 0.978881
6820.0, 0.978866
6830.0, 0.978851
6840.0, 0.978837
6850.0, 0.978822
6860.0, 0.978807
6870.0, 0.978792
6880.0, 0.978778
6890.0, 0.978763
6900.0, 0.978748
6910.0, 0.978733
6920.0, 0.978719
6930.0, 0.978704
6940.0, 0.978689
6950.0, 0.978674
6960.0, 0.97866
6970.0, 0.978645
6980.0, 0.97863
6990.0, 0.978615
7000.0, 0.978601
7010.0, 0.978586
7020.0, 0.978571
7030.0, 0.978556
7040.0, 0.978542
7050.0, 0.978526
7060.0, 0.978505
7070.0, 0.978484
7080.0, 0.978463
7090.0, 0.978442
7100.0, 0.978421
7110.0, 0.978399
7120.0, 0.978378
7130.0, 0.978357
7140.0, 0.978336
7150.0, 0.978315
7160.0, 0.978294
7170.0, 0.978273
7180.0, 0.978252
7190.0, 0.978231
7200.0, 0.97821
7210.0, 0.978189
7220.0, 0.978168
7230.0, 0.978147
7240.0, 0.978126
7250.0, 0.978105
7260.0, 0.978084
7270.0, 0.978063
7280.0, 0.978042
7290.0, 0.978021
7300.0, 0.978
7310.0, 0.977979
7320.0, 0.977958
7330.0, 0.977937
7340.0, 0.977931
7350.0, 0.977931
7360.0, 0.977931
7370.0, 0.97793
7380.0, 0.97793
7390.0, 0.977929
7400.0, 0.977929
7410.0, 0.977928
7420.0, 0.977928
7430.0, 0.977927
7440.0, 0.977927
7450.0, 0.977926
7460.0, 0.977926
7470.0, 0.977925
7480.0, 0.977925
7490.0, 0.977925
7500.0, 0.977924
7510.0, 0.977924
7520.0, 0.977923
7530.0, 0.977923
7540.0, 0.977922
7550.0, 0.977922
7560.0, 0.977921
7570.0, 0.977921
7580.0, 0.97792
7590.0, 0.97792
7600.0, 0.977919
7610.0, 0.977919
7620.0, 0.977918
7630.0, 0.977918
7640.0, 0.977918
7650.0, 0.977917
7660.0, 0.977917
7670.0, 0.977916
7680.0, 0.977916
7690.0, 0.977915
7700.0, 0.977915
7710.0, 0.977914
7720.0, 0.977914
7730.0, 0.977914
7740.0, 0.977913
7750.0, 0.977913
7760.0, 0.977912
7770.0, 0.977912
7780.0, 0.977911
7790.0, 0.977911
7800.0, 0.97791
7810.0, 0.97791
7820.0, 0.97791
7830.0, 0.977909
7840.0, 0.977909
7850.0, 0.977908
7860.0, 0.977908
7870.0, 0.977907
7880.0, 0.977907
7890.0, 0.977906
7900.0, 0.977906
7910.0, 0.977906
7920.0, 0.977905
7930.0, 0.977905
7940.0, 0.977904
7950.0, 0.977904
7960.0, 0.977903
7970.0, 0.977903
7980.0, 0.977903
7990.0, 0.977902
8000.0, 0.977902
8010.0, 0.977901
8020.0, 0.977901
8030.0, 0.9779
8040.0, 0.9779
8050.0, 0.9779
8060.0, 0.977899
8070.0, 0.977899
8080.0, 0.977898
8090.0, 0.977898
8100.0, 0.977897
8110.0, 0.977897
8120.0, 0.977897
8130.0, 0.977896
8140.0, 0.977896
8150.0, 0.977895
8160.0, 0.977895
8170.0, 0.977894
8180.0, 0.977894
8190.0, 0.977894
8200.0, 0.977893
8210.0, 0.977893
8220.0, 0.977892
8230.0, 0.977892
8240.0, 0.977891
8250.0, 0.977891
8260.0, 0.977891
8270.0, 0.97789
8280.0, 0.97789
8290.0, 0.977889
8300.0, 0.977889
8310.0, 0.977888
8320.0, 0.977888
8330.0, 0.977888
8340.0, 0.977887
8350.0, 0.977887
8360.0, 0.977886
8370.0, 0.977886
8380.0, 0.977886
8390.0, 0.977885
8400.0, 0.977885
8410.0, 0.977884
8420.0, 0.977884
8430.0, 0.977884
8440.0, 0.977883
8450.0, 0.977883
8460.0, 0.977882
8470.0, 0.977882
8480.0, 0.977881
8490.0, 0.977881
8500.0, 0.977881
8510.0, 0.97788
8520.0, 0.97788
8530.0, 0.977879
8540.0, 0.977879
8550.0, 0.977879
8560.0, 0.977878
8570.0, 0.977878
8580.0, 0.977877
8590.0, 0.977871
8600.0, 0.977843
8610.0, 0.977814
8620.0, 0.977786
8630.0, 0.977757
8640.0, 0.977728
8650.0, 0.9777
8660.0, 0.977671
8670.0, 0.977643
8680.0, 0.977614
8690.0, 0.977586
8700.0, 0.977557
8710.0, 0.977529
8720.0, 0.9775
8730.0, 0.977472
8740.0, 0.977443
8750.0, 0.977415
8760.0, 0.977386
8770.0, 0.977358
8780.0, 0.977329
8790.0, 0.977301
8800.0, 0.977272
8810.0, 0.977244
8820.0, 0.977215
8830.0, 0.977187
8840.0, 0.977158
8850.0, 0.97713
8860.0, 0.977101
8870.0, 0.977073
8880.0, 0.977044
8890.0, 0.977016
8900.0, 0.976987
8910.0, 0.976959
8920.0, 0.97693
8930.0, 0.976902
8940.0, 0.976861
8950.0, 0.976812
8960.0, 0.976763
8970.0, 0.976714
8980.0, 0.976665
8990.0, 0.976616
9000.0, 0.976567
9010.0, 0.976518
9020.0, 0.976469
9030.0, 0.97642
9040.0, 0.97637
9050.0, 0.976321
9060.0, 0.976272
9070.0, 0.976223
9080.0, 0.976174
9090.0, 0.976125
9100.0, 0.976076
9110.0, 0.976027
9120.0, 0.975978
9130.0, 0.975929
9140.0, 0.97588
9150.0, 0.975831
9160.0, 0.975782
9170.0, 0.975733
9180.0, 0.975684
9190.0, 0.975635
9200.0, 0.975586
9210.0, 0.975537
9220.0, 0.975488
9230.0, 0.975439
9240.0, 0.97539
9250.0, 0.975341
9260.0, 0.975292
9270.0, 0.975243
9280.0, 0.975194
9290.0, 0.975145
9300.0, 0.975073
9310.0, 0.974985
9320.0, 0.974897
9330.0, 0.974809
9340.0, 0.974721
9350.0, 0.974633
9360.0, 0.974546
9370.0, 0.974458
9380.0, 0.97437
9390.0, 0.974282
9400.0, 0.974194
9410.0, 0.974106
9420.0, 0.974019
9430.0, 0.973931
9440.0, 0.973843
9450.0, 0.973755
9460.0, 0.973667
9470.0, 0.973579
9480.0, 0.973492
9490.0, 0.973404
9500.0, 0.973316
9510.0, 0.973228
9520.0, 0.97314
9530.0, 0.973052
9540.0, 0.972965
9550.0, 0.972877
9560.0, 0.972789
9570.0, 0.972701
9580.0, 0.972613
9590.0, 0.972525
9600.0, 0.972437
9610.0, 0.97235
9620.0, 0.972262
9630.0, 0.972174
9640.0, 0.972086
9650.0, 0.971998
9660.0, 0.97191
9670.0, 0.971817
9680.0, 0.971685
9690.0, 0.971553
9700.0, 0.971422
9710.0, 0.97129
9720.0, 0.971158
9730.0, 0.971027
9740.0, 0.970895
9750.0, 0.970763
9760.0, 0.970632
9770.0, 0.9705
9780.0, 0.970368
9790.0, 0.970237
9800.0, 0.970105
9810.0, 0.969973
9820.0, 0.969842
9830.0, 0.96971
9840.0, 0.969578
9850.0, 0.969447
9860.0, 0.969315
9870.0, 0.969183
9880.0, 0.969052
9890.0, 0.96892
9900.0, 0.968788
9910.0, 0.968657
9920.0, 0.968525
9930.0, 0.968393
9940.0, 0.968262
9950.0, 0.96813
9960.0, 0.967998
9970.0, 0.967867
9980.0, 0.967735
9990.0, 0.967603
10000.0, 0.967472
10010.0, 0.967322
10020.0, 0.96708
10030.0, 0.966837
10040.0, 0.966594
10050.0, 0.966351
10060.0, 0.966108
10070.0, 0.965866
10080.0, 0.965623
10090.0, 0.96538
10100.0, 0.965137
10110.0, 0.964895
10120.0, 0.964652
10130.0, 0.964409
10140.0, 0.964166
10150.0, 0.963924
10160.0, 0.963681
10170.0, 0.963438
10180.0, 0.963195
10190.0, 0.962952
10200.0, 0.96271
10210.0, 0.962467
10220.0, 0.962224
10230.0, 0.961981
10240.0, 0.961739
10250.0, 0.961496
10260.0, 0.961253
10270.0, 0.96101
10280.0, 0.960768
10290.0, 0.960431
10300.0, 0.959952
10310.0, 0.959473
10320.0, 0.958995
10330.0, 0.958516
10340.0, 0.958037
10350.0, 0.957558
10360.0, 0.957079
10370.0, 0.9566
10380.0, 0.956122
10390.0, 0.955643
10400.0, 0.955164
10410.0, 0.954685
10420.0, 0.954206
10430.0, 0.953727
10440.0, 0.953248
10450.0, 0.95277
10460.0, 0.952291
10470.0, 0.951867
10480.0, 0.951475
10490.0, 0.951083
10500.0, 0.950691
10510.0, 0.950299
10520.0, 0.949907
10530.0, 0.949515
10540.0, 0.949123
10550.0, 0.948732
10560.0, 0.94834
10570.0, 0.947948
10580.0, 0.947556
10590.0, 0.947164
10600.0, 0.946772
10610.0, 0.94638
10620.0, 0.945988
10630.0, 0.945596
10640.0, 0.945204
10650.0, 0.944812
10660.0, 0.94442
10670.0, 0.944028
10680.0, 0.943636
10690.0, 0.943245
10700.0, 0.942853
10710.0, 0.942461
10720.0, 0.941873
10730.0, 0.941116
10740.0, 0.940358
10750.0, 0.939601
10760.0, 0.938843
10770.0, 0.938085
10780.0, 0.937328
10790.0, 0.93657
10800.0, 0.935812
10810.0, 0.935055
10820.0, 0.934297
10830.0, 0.933539
10840.0, 0.932782
10850.0, 0.932024
10860.0, 0.931266
10870.0, 0.930509
10880.0, 0.929978
10890.0, 0.929472
10900.0, 0.928967
10910.0, 0.928461
10920.0, 0.927956
10930.0, 0.92745
10940.0, 0.926945
10950.0, 0.926439
10960.0, 0.925934
10970.0, 0.925428
10980.0, 0.924923
10990.0, 0.924417
11000.0, 0.923912
11010.0, 0.923407
11020.0, 0.922901
11030.0, 0.922396
11040.0, 0.92189
11050.0, 0.921385
11060.0, 0.920879
11070.0, 0.920374
11080.0, 0.919818
11090.0, 0.919239
11100.0, 0.918659
11110.0, 0.918079
11120.0, 0.9175
11130.0, 0.91692
11140.0, 0.91634
11150.0, 0.915761
11160.0, 0.915181
11170.0, 0.914601
11180.0, 0.914022
11190.0, 0.913442
11200.0, 0.912862
11210.0, 0.912283
11220.0, 0.911703
11230.0, 0.911124
11240.0, 0.910544
11250.0, 0.909964
11260.0, 0.909394
11270.0, 0.908823
11280.0, 0.908253
11290.0, 0.907682
11300.0, 0.907112
11310.0, 0.906541
11320.0, 0.90597
11330.0, 0.9054
11340.0, 0.904829
11350.0, 0.904259
11360.0, 0.903688
11370.0, 0.903118
11380.0, 0.902547
11390.0, 0.901976
11400.0, 0.901406
11410.0, 0.900835
11420.0, 0.900265
11430.0, 0.899683
11440.0, 0.899016
11450.0, 0.898348
11460.0, 0.89768
11470.0, 0.897013
11480.0, 0.896345
11490.0, 0.895678
11500.0, 0.89501
11510.0, 0.894343
11520.0, 0.893675
11530.0, 0.893008
11540.0, 0.89234
11550.0, 0.891673
11560.0, 0.891005
11570.0, 0.890338
11580.0, 0.88967
11590.0, 0.889002
11600.0, 0.888319
11610.0, 0.887615
11620.0, 0.886911
11630.0, 0.886207
11640.0, 0.885503
11650.0, 0.884799
11660.0, 0.884095
11670.0, 0.883391
11680.0, 0.882687
11690.0, 0.881983
11700.0, 0.881279
11710.0, 0.880575
11720.0, 0.879871
11730.0, 0.879168
11740.0, 0.878464
11750.0, 0.87776
11760.0, 0.877056
11770.0, 0.876335
11780.0, 0.875599
11790.0, 0.874863
11800.0, 0.874127
11810.0, 0.873391
11820.0, 0.872655
11830.0, 0.871919
11840.0, 0.871183
11850.0, 0.870447
11860.0, 0.869711
11870.0, 0.868975
11880.0, 0.868239
11890.0, 0.867503
11900.0, 0.866767
11910.0, 0.866031
11920.0, 0.865295
11930.0, 0.864559
11940.0, 0.863823
11950.0, 0.863087
11960.0, 0.862461
11970.0, 0.861866
11980.0, 0.861272
11990.0, 0.860677
12000.0, 0.860083
12010.0, 0.859488
12020.0, 0.858894
12030.0, 0.858299
12040.0, 0.857705
12050.0, 0.85711
12060.0, 0.856516
12070.0, 0.855921
12080.0, 0.855327
12090.0, 0.854733
12100.0, 0.854138
12110.0, 0.853544
12120.0, 0.852949
12130.0, 0.852355
12140.0, 0.85176
12150.0, 0.851166
12160.0, 0.850493
12170.0, 0.849343
12180.0, 0.848192
12190.0, 0.847041
12200.0, 0.845891
12210.0, 0.84474
12220.0, 0.84359
12230.0, 0.842439
12240.0, 0.841288
12250.0, 0.840138
12260.0, 0.839256
12270.0, 0.838647
12280.0, 0.838039
12290.0, 0.83743
12300.0, 0.836822
12310.0, 0.836213
12320.0, 0.835604
12330.0, 0.834996
12340.0, 0.834387
12350.0, 0.833779
12360.0, 0.83317
12370.0, 0.832562
12380.0, 0.831953
12390.0, 0.831345
12400.0, 0.830736
12410.0, 0.830128
12420.0, 0.829519
12430.0, 0.82891
12440.0, 0.828302
12450.0, 0.827693
12460.0, 0.826678
12470.0, 0.825653
12480.0, 0.824628
12490.0, 0.823603
12500.0, 0.822578
12510.0, 0.821553
12520.0, 0.820528
12530.0, 0.819503
12540.0, 0.818477
12550.0, 0.817435
12560.0, 0.816233
12570.0, 0.815031
12580.0, 0.81383
12590.0, 0.812628
12600.0, 0.811427
12610.0, 0.810225
12620.0, 0.809023
12630.0, 0.807822
12640.0, 0.80719
12650.0, 0.806693
12660.0, 0.806195
12670.0, 0.805698
12680.0, 0.805201
12690.0, 0.804703
12700.0, 0.804206
12710.0, 0.803709
12720.0, 0.803211
12730.0, 0.802714
12740.0, 0.802217
12750.0, 0.801719
12760.0, 0.801222
12770.0, 0.800725
12780.0, 0.800227
12790.0, 0.79973
12800.0, 0.799233
12810.0, 0.798735
12820.0, 0.798238
12830.0, 0.797741
12840.0, 0.797243
12850.0, 0.796746
12860.0, 0.796249
12870.0, 0.795685
12880.0, 0.795068
12890.0, 0.79445
12900.0, 0.793832
12910.0, 0.793215
12920.0, 0.792597
12930.0, 0.791979
12940.0, 0.791361
12950.0, 0.790744
12960.0, 0.790126
12970.0, 0.789508
12980.0, 0.78889
12990.0, 0.788273
13000.0, 0.787655
13010.0, 0.787037
13020.0, 0.78642
13030.0, 0.785802
13040.0, 0.785184
13050.0, 0.784566
13060.0, 0.783949
13070.0, 0.783331
13080.0, 0.782717
13090.0, 0.782103
13100.0, 0.781489
13110.0, 0.780875
13120.0, 0.780261
13130.0, 0.779647
13140.0, 0.779033
13150.0, 0.778419
13160.0, 0.777805
13170.0, 0.777191
13180.0, 0.776577
13190.0, 0.775963
13200.0, 0.775349
13210.0, 0.774735
13220.0, 0.774121
13230.0, 0.773507
13240.0, 0.772893
13250.0, 0.772279
13260.0, 0.771664
13270.0, 0.77105
13280.0, 0.770436
13290.0, 0.76878
13300.0, 0.767115
13310.0, 0.765449
13320.0, 0.763784
13330.0, 0.762119
13340.0, 0.760453
13350.0, 0.758788
13360.0, 0.758249
13370.0, 0.757736
13380.0, 0.757223
13390.0, 0.75671
13400.0, 0.756197
13410.0, 0.755684
13420.0, 0.755171
13430.0, 0.754659
13440.0, 0.754146
13450.0, 0.753633
13460.0, 0.75312
13470.0, 0.752607
13480.0, 0.752094
13490.0, 0.751581
13500.0, 0.751068
13510.0, 0.750555
13520.0, 0.750042
13530.0, 0.749529
13540.0, 0.749016
13550.0, 0.748503
13560.0, 0.74799
13570.0, 0.747477
13580.0, 0.746964
13590.0, 0.746399
13600.0, 0.745829
13610.0, 0.745259
13620.0, 0.74469
13630.0, 0.74412
13640.0, 0.74355
13650.0, 0.74298
13660.0, 0.742411
13670.0, 0.741841
13680.0, 0.741271
13690.0, 0.740701
13700.0, 0.740132
13710.0, 0.739562
13720.0, 0.738992
13730.0, 0.738423
13740.0, 0.737853
13750.0, 0.737283
13760.0, 0.736713
13770.0, 0.736144
13780.0, 0.735574
13790.0, 0.735004
13800.0, 0.734329
13810.0, 0.733404
13820.0, 0.732479
13830.0, 0.731554
13840.0, 0.730629
13850.0, 0.729704
13860.0, 0.728778
13870.0, 0.727853
13880.0, 0.726928
13890.0, 0.726003
13900.0, 0.725078
13910.0, 0.724082
13920.0, 0.722955
13930.0, 0.721828
13940.0, 0.720702
13950.0, 0.719575
13960.0, 0.718448
13970.0, 0.717321
13980.0, 0.716194
13990.0, 0.715068
14000.0, 0.714045
14010.0, 0.713543
14020.0, 0.713042
14030.0, 0.71254
14040.0, 0.712038
14050.0, 0.711537
14060.0, 0.711035
14070.0, 0.710533
14080.0, 0.710032
14090.0, 0.70953
14100.0, 0.709028
14110.0, 0.708527
14120.0, 0.708025
14130.0, 0.707523
14140.0, 0.707022
14150.0, 0.70652
14160.0, 0.706018
14170.0, 0.705517
14180.0, 0.705015
14190.0, 0.704513
14200.0, 0.704012
14210.0, 0.70351
14220.0, 0.703008
14230.0, 0.702507
14240.0, 0.702005
14250.0, 0.701165
14260.0, 0.700325
14270.0, 0.699484
14280.0, 0.698643
14290.0, 0.697803
14300.0, 0.696962
14310.0, 0.696121
14320.0, 0.695281
14330.0, 0.69444
14340.0, 0.693599
14350.0, 0.692759
14360.0, 0.691918
14370.0, 0.691077
14380.0, 0.69035
14390.0, 0.68977
14400.0, 0.689191
14410.0, 0.688612
14420.0, 0.688033
14430.0, 0.687453
14440.0, 0.686874
14450.0, 0.686295
14460.0, 0.685716
14470.0, 0.685136
14480.0, 0.684557
14490.0, 0.683978
14500.0, 0.683399
14510.0, 0.682819
14520.0, 0.68224
14530.0, 0.681661
14540.0, 0.681082
14550.0, 0.680502
14560.0, 0.679923
14570.0, 0.679344
14580.0, 0.678765
14590.0, 0.67817
14600.0, 0.677573
14610.0, 0.676975
14620.0, 0.676378
14630.0, 0.67578
14640.0, 0.675183
14650.0, 0.674586
14660.0, 0.673988
14670.0, 0.673391
14680.0, 0.672794
14690.0, 0.672196
14700.0, 0.671599
14710.0, 0.671001
14720.0, 0.670404
14730.0, 0.669807
14740.0, 0.669209
14750.0, 0.668612
14760.0, 0.668014
14770.0, 0.667417
14780.0, 0.66682
14790.0, 0.666222
14800.0, 0.665625
14810.0, 0.665027
14820.0, 0.664422
14830.0, 0.663812
14840.0, 0.663202
14850.0, 0.662592
14860.0, 0.661982
14870.0, 0.661372
14880.0, 0.660761
14890.0, 0.660151
14900.0, 0.659541
14910.0, 0.658931
14920.0, 0.658321
14930.0, 0.657711
14940.0, 0.657101
14950.0, 0.65649
14960.0, 0.65588
14970.0, 0.65527
14980.0, 0.65466
14990.0, 0.65405
15000.0, 0.65344
15010.0, 0.65283
15020.0, 0.65222
15030.0, 0.651609
15040.0, 0.650999
15050.0, 0.650384
15060.0, 0.649575
15070.0, 0.648766
15080.0, 0.647957
15090.0, 0.647148
15100.0, 0.646339
15110.0, 0.64553
15120.0, 0.644721
15130.0, 0.643912
15140.0, 0.643103
15150.0, 0.642294
15160.0, 0.641485
15170.0, 0.640676
15180.0, 0.639867
15190.0, 0.639058
15200.0, 0.638443
15210.0, 0.637916
15220.0, 0.63739
15230.0, 0.636863
15240.0, 0.636336
15250.0, 0.635809
15260.0, 0.635283
15270.0, 0.634756
15280.0, 0.634229
15290.0, 0.633702
15300.0, 0.633176
15310.0, 0.632649
15320.0, 0.632122
15330.0, 0.631595
15340.0, 0.631068
15350.0, 0.630542
15360.0, 0.630015
15370.0, 0.629488
15380.0, 0.628961
15390.0, 0.628435
15400.0, 0.627908
15410.0, 0.627381
15420.0, 0.626854
15430.0, 0.626328
15440.0, 0.625801
15450.0, 0.625246
15460.0, 0.624655
15470.0, 0.624064
15480.0, 0.623473
15490.0, 0.622882
15500.0, 0.622291
15510.0, 0.6217
15520.0, 0.621109
15530.0, 0.620518
15540.0, 0.619927
15550.0, 0.619336
15560.0, 0.618745
15570.0, 0.618154
15580.0, 0.617563
15590.0, 0.616972
15600.0, 0.616381
15610.0, 0.61579
15620.0, 0.615199
15630.0, 0.614608
15640.0, 0.614018
15650.0, 0.613427
15660.0, 0.612836
15670.0, 0.612245
15680.0, 0.611349
15690.0, 0.610263
15700.0, 0.609176
15710.0, 0.60809
15720.0, 0.607003
15730.0, 0.605917
15740.0, 0.604831
15750.0, 0.603744
15760.0, 0.602658
15770.0, 0.601572
15780.0, 0.600485
15790.0, 0.600043
15800.0, 0.599623
15810.0, 0.599204
15820.0, 0.598784
15830.0, 0.598365
15840.0, 0.597945
15850.0, 0.597526
15860.0, 0.597106
15870.0, 0.596686
15880.0, 0.596267
15890.0, 0.595847
15900.0, 0.595428
15910.0, 0.595008
15920.0, 0.594589
15930.0, 0.594169
15940.0, 0.59375
15950.0, 0.59333
15960.0, 0.592911
15970.0, 0.592491
15980.0, 0.592072
15990.0, 0.591652
16000.0, 0.591232
16010.0, 0.590813
16020.0, 0.590393
16030.0, 0.589974
16040.0, 0.589279
16050.0, 0.588528
16060.0, 0.587778
16070.0, 0.587028
16080.0, 0.586277
16090.0, 0.585527
16100.0, 0.584776
16110.0, 0.584026
16120.0, 0.583276
16130.0, 0.582525
16140.0, 0.581775
16150.0, 0.581024
16160.0, 0.580274
16170.0, 0.579524
16180.0, 0.578773
16190.0, 0.578213
16200.0, 0.577801
16210.0, 0.57739
16220.0, 0.576978
16230.0, 0.576566
16240.0, 0.576155
16250.0, 0.575743
16260.0, 0.575331
16270.0, 0.57492
16280.0, 0.574508
16290.0, 0.574096
16300.0, 0.573685
16310.0, 0.573273
16320.0, 0.572861
16330.0, 0.57245
16340.0, 0.572038
16350.0, 0.571626
16360.0, 0.571215
16370.0, 0.570803
16380.0, 0.570391
16390.0, 0.56998
16400.0, 0.569568
16410.0, 0.569156
16420.0, 0.568483
16430.0, 0.567386
16440.0, 0.566289
16450.0, 0.565192
16460.0, 0.564095
16470.0, 0.562998
16480.0, 0.561901
16490.0, 0.560804
16500.0, 0.559707
16510.0, 0.55861
16520.0, 0.557513
16530.0, 0.556555
16540.0, 0.556072
16550.0, 0.555589
16560.0, 0.555106
16570.0, 0.554623
16580.0, 0.55414
16590.0, 0.553657
16600.0, 0.553174
16610.0, 0.552691
16620.0, 0.552208
16630.0, 0.551725
16640.0, 0.551241
16650.0, 0.550758
16660.0, 0.550275
16670.0, 0.549792
16680.0, 0.549309
16690.0, 0.548826
16700.0, 0.548343
16710.0, 0.54786
16720.0, 0.547377
16730.0, 0.546894
16740.0, 0.546411
16750.0, 0.545928
16760.0, 0.545445
16770.0, 0.544962
16780.0, 0.544479
16790.0, 0.543996
16800.0, 0.543513
16810.0, 0.543028
16820.0, 0.542296
16830.0, 0.541565
16840.0, 0.540834
16850.0, 0.540102
16860.0, 0.539371
16870.0, 0.53864
16880.0, 0.537908
16890.0, 0.537177
16900.0, 0.536446
16910.0, 0.535715
16920.0, 0.534983
16930.0, 0.534252
16940.0, 0.533521
16950.0, 0.532789
16960.0, 0.532058
16970.0, 0.531327
16980.0, 0.530841
16990.0, 0.530355
17000.0, 0.52987
17010.0, 0.529385
17020.0, 0.5289
17030.0, 0.528414
17040.0, 0.527929
17050.0, 0.527444
17060.0, 0.526958
17070.0, 0.526473
17080.0, 0.525988
17090.0, 0.525503
17100.0, 0.525017
17110.0, 0.524532
17120.0, 0.524047
17130.0, 0.523561
17140.0, 0.523076
17150.0, 0.522591
17160.0, 0.522106
17170.0, 0.52162
17180.0, 0.521135
17190.0, 0.52065
17200.0, 0.520164
17210.0, 0.519679
17220.0, 0.51905
17230.0, 0.518356
17240.0, 0.517662
17250.0, 0.516968
17260.0, 0.516274
17270.0, 0.515581
17280.0, 0.514887
17290.0, 0.514193
17300.0, 0.513499
17310.0, 0.512805
17320.0, 0.512111
17330.0, 0.511418
17340.0, 0.510724
17350.0, 0.51003
17360.0, 0.509336
17370.0, 0.508642
17380.0, 0.508019
17390.0, 0.507566
17400.0, 0.507112
17410.0, 0.506658
17420.0, 0.506204
17430.0, 0.50575
17440.0, 0.505296
17450.0, 0.504843
17460.0, 0.504389
17470.0, 0.503935
17480.0, 0.503481
17490.0, 0.503027
17500.0, 0.502573
17510.0, 0.50212
17520.0, 0.501666
17530.0, 0.501212
17540.0, 0.500758
17550.0, 0.500304
17560.0, 0.49985
17570.0, 0.499397
17580.0, 0.498943
17590.0, 0.498489
17600.0, 0.498035
17610.0, 0.497581
17620.0, 0.497127
17630.0, 0.496674
17640.0, 0.49622
17650.0, 0.495766
17660.0, 0.495312
17670.0, 0.494818
17680.0, 0.494269
17690.0, 0.49372
17700.0, 0.493172
17710.0, 0.492623
17720.0, 0.492074
17730.0, 0.491526
17740.0, 0.490977
17750.0, 0.490428
17760.0, 0.489879
17770.0, 0.489331
17780.0, 0.488782
17790.0, 0.488233
17800.0, 0.487685
17810.0, 0.487136
17820.0, 0.486587
17830.0, 0.486038
17840.0, 0.48549
17850.0, 0.484941
17860.0, 0.484392
17870.0, 0.483844
17880.0, 0.483295
17890.0, 0.482746
17900.0, 0.482197
17910.0, 0.481649
17920.0, 0.4811
17930.0, 0.480551
17940.0, 0.480002
17950.0, 0.479478
17960.0, 0.479013
17970.0, 0.478548
17980.0, 0.478083
17990.0, 0.477618
18000.0, 0.477153
18010.0, 0.476689
18020.0, 0.476224
18030.0, 0.475759
18040.0, 0.475294
18050.0, 0.474829
18060.0, 0.474364
18070.0, 0.473899
18080.0, 0.473434
18090.0, 0.472969
18100.0, 0.472504
18110.0, 0.472039
18120.0, 0.471574
18130.0, 0.471109
18140.0, 0.470644
18150.0, 0.47018
18160.0, 0.469715
18170.0, 0.46925
18180.0, 0.468785
18190.0, 0.46832
18200.0, 0.467671
18210.0, 0.466981
18220.0, 0.466292
18230.0, 0.465602
18240.0, 0.464912
18250.0, 0.464223
18260.0, 0.463533
18270.0, 0.462843
18280.0, 0.462154
18290.0, 0.461464
18300.0, 0.460774
18310.0, 0.460085
18320.0, 0.459395
18330.0, 0.458705
18340.0, 0.458016
18350.0, 0.457326
18360.0, 0.456637
18370.0, 0.456153
18380.0, 0.455674
18390.0, 0.455195
18400.0, 0.454717
18410.0, 0.454238
18420.0, 0.45376
18430.0, 0.453281
18440.0, 0.452802
18450.0, 0.452324
18460.0, 0.451845
18470.0, 0.451367
18480.0, 0.450888
18490.0, 0.45041
18500.0, 0.449931
18510.0, 0.449452
18520.0, 0.448974
18530.0, 0.448495
18540.0, 0.448017
18550.0, 0.447538
18560.0, 0.44706
18570.0, 0.446581
18580.0, 0.446102
18590.0, 0.445624
18600.0, 0.445145
18610.0, 0.444667
18620.0, 0.444188
18630.0, 0.443699
18640.0, 0.443167
18650.0, 0.442635
18660.0, 0.442103
18670.0, 0.441571
18680.0, 0.441039
18690.0, 0.440507
18700.0, 0.439975
18710.0, 0.439443
18720.0, 0.438911
18730.0, 0.438378
18740.0, 0.437846
18750.0, 0.437314
18760.0, 0.436782
18770.0, 0.43625
18780.0, 0.435718
18790.0, 0.435186
18800.0, 0.434654
18810.0, 0.434122
18820.0, 0.43359
18830.0, 0.433058
18840.0, 0.432525
18850.0, 0.431993
18860.0, 0.431461
18870.0, 0.430929
18880.0, 0.430397
18890.0, 0.429865
18900.0, 0.429333
18910.0, 0.428801
18920.0, 0.428269
18930.0, 0.427679
18940.0, 0.427037
18950.0, 0.426396
18960.0, 0.425754
18970.0, 0.425112
18980.0, 0.42447
18990.0, 0.423828
19000.0, 0.423186
19010.0, 0.422544
19020.0, 0.421902
19030.0, 0.42126
19040.0, 0.420619
19050.0, 0.419977
19060.0, 0.419335
19070.0, 0.418693
19080.0, 0.418051
19090.0, 0.417409
19100.0, 0.416767
19110.0, 0.416268
19120.0, 0.415913
19130.0, 0.415558
19140.0, 0.415203
19150.0, 0.414849
19160.0, 0.414494
19170.0, 0.414139
19180.0, 0.413784
19190.0, 0.413429
19200.0, 0.413075
19210.0, 0.41272
19220.0, 0.412365
19230.0, 0.41201
19240.0, 0.411656
19250.0, 0.411301
19260.0, 0.410946
19270.0, 0.410591
19280.0, 0.410236
19290.0, 0.409882
19300.0, 0.409527
19310.0, 0.409172
19320.0, 0.408817
19330.0, 0.408462
19340.0, 0.408108
19350.0, 0.407753
19360.0, 0.407398
19370.0, 0.407043
19380.0, 0.406688
19390.0, 0.406334
19400.0, 0.405979
19410.0, 0.405186
19420.0, 0.404078
19430.0, 0.40297
19440.0, 0.401862
19450.0, 0.400753
19460.0, 0.399645
19470.0, 0.398537
19480.0, 0.397429
19490.0, 0.39632
19500.0, 0.395212
19510.0, 0.394375
19520.0, 0.394077
19530.0, 0.39378
19540.0, 0.393482
19550.0, 0.393184
19560.0, 0.392887
19570.0, 0.392589
19580.0, 0.392292
19590.0, 0.391994
19600.0, 0.391696
19610.0, 0.391399
19620.0, 0.391101
19630.0, 0.390804
19640.0, 0.390506
19650.0, 0.390208
19660.0, 0.389911
19670.0, 0.389613
19680.0, 0.389316
19690.0, 0.389018
19700.0, 0.388721
19710.0, 0.388423
19720.0, 0.388125
19730.0, 0.387828
19740.0, 0.38753
19750.0, 0.387233
19760.0, 0.386935
19770.0, 0.386637
19780.0, 0.38634
19790.0, 0.386042
19800.0, 0.385745
19810.0, 0.385447
19820.0, 0.385149
19830.0, 0.384852
19840.0, 0.384554
19850.0, 0.384257
19860.0, 0.383959
19870.0, 0.383423
19880.0, 0.382553
19890.0, 0.381684
19900.0, 0.380814
19910.0, 0.379945
19920.0, 0.379075
19930.0, 0.378206
19940.0, 0.377336
19950.0, 0.376467
19960.0, 0.375597
19970.0, 0.374728
19980.0, 0.373858
19990.0, 0.372989
20000.0, 0.372119
20010.0, 0.37169
20020.0, 0.3713
20030.0, 0.37091
20040.0, 0.37052
20050.0, 0.37013
20060.0, 0.36974
20070.0, 0.36935
20080.0, 0.36896
20090.0, 0.36857
20100.0, 0.36818
20110.0, 0.36779
20120.0, 0.3674
20130.0, 0.36701
20140.0, 0.36662
20150.0, 0.36623
20160.0, 0.36584
20170.0, 0.36545
20180.0, 0.36506
20190.0, 0.36467
20200.0, 0.36428
20210.0, 0.36389
20220.0, 0.3635
20230.0, 0.36311
20240.0, 0.362721
20250.0, 0.362331
20260.0, 0.361942
20270.0, 0.361552
20280.0, 0.361163
20290.0, 0.360773
20300.0, 0.360384
20310.0, 0.359994
20320.0, 0.359605
20330.0, 0.359216
20340.0, 0.358826
20350.0, 0.358437
20360.0, 0.358047
20370.0, 0.357658
20380.0, 0.357268
20390.0, 0.356879
20400.0, 0.356489
20410.0, 0.3561
20420.0, 0.355711
20430.0, 0.355321
20440.0, 0.354932
20450.0, 0.354542
20460.0, 0.354153
20470.0, 0.353763
20480.0, 0.353374
20490.0, 0.352545
20500.0, 0.351693
20510.0, 0.350842
20520.0, 0.349991
20530.0, 0.349139
20540.0, 0.348288
20550.0, 0.347436
20560.0, 0.346585
20570.0, 0.345733
20580.0, 0.344882
20590.0, 0.344031
20600.0, 0.343179
20610.0, 0.342328
20620.0, 0.341494
20630.0, 0.341118
20640.0, 0.340743
20650.0, 0.340368
20660.0, 0.339992
20670.0, 0.339617
20680.0, 0.339241
20690.0, 0.338866
20700.0, 0.338491
20710.0, 0.338115
20720.0, 0.33774
20730.0, 0.337365
20740.0, 0.336989
20750.0, 0.336614
20760.0, 0.336239
20770.0, 0.335863
20780.0, 0.335488
20790.0, 0.335112
20800.0, 0.334737
20810.0, 0.334362
20820.0, 0.333986
20830.0, 0.333611
20840.0, 0.333236
20850.0, 0.33286
20860.0, 0.332485
20870.0, 0.33211
20880.0, 0.331734
20890.0, 0.331359
20900.0, 0.330984
20910.0, 0.330608
20920.0, 0.330233
20930.0, 0.329857
20940.0, 0.329482
20950.0, 0.329107
20960.0, 0.328731
20970.0, 0.328356
20980.0, 0.328061
20990.0, 0.327781
21000.0, 0.327502
21010.0, 0.327223
21020.0, 0.326943
21030.0, 0.326664
21040.0, 0.326385
21050.0, 0.326106
21060.0, 0.325826
21070.0, 0.325547
21080.0, 0.325268
21090.0, 0.324988
21100.0, 0.324709
21110.0, 0.32443
21120.0, 0.32415
21130.0, 0.323871
21140.0, 0.323592
21150.0, 0.323313
21160.0, 0.323033
21170.0, 0.322754
21180.0, 0.322475
21190.0, 0.322195
21200.0, 0.321916
21210.0, 0.321637
21220.0, 0.321357
21230.0, 0.321078
21240.0, 0.320799
21250.0, 0.32052
21260.0, 0.32024
21270.0, 0.319961
21280.0, 0.319682
21290.0, 0.319402
21300.0, 0.319123
21310.0, 0.318844
21320.0, 0.318564
21330.0, 0.318285
21340.0, 0.318006
21350.0, 0.317727
21360.0, 0.317447
21370.0, 0.317021
21380.0, 0.316563
21390.0, 0.316104
21400.0, 0.315646
21410.0, 0.315187
21420.0, 0.314729
21430.0, 0.31427
21440.0, 0.313812
21450.0, 0.313353
21460.0, 0.312895
21470.0, 0.312436
21480.0, 0.311978
21490.0, 0.311519
21500.0, 0.311061
21510.0, 0.310602
21520.0, 0.310144
21530.0, 0.309685
21540.0, 0.309227
21550.0, 0.308768
21560.0, 0.30831
21570.0, 0.307851
21580.0, 0.307393
21590.0, 0.306935
21600.0, 0.306476
21610.0, 0.306018
21620.0, 0.305559
21630.0, 0.305101
21640.0, 0.304642
21650.0, 0.304013
21660.0, 0.303218
21670.0, 0.302423
21680.0, 0.301629
21690.0, 0.300834
21700.0, 0.300039
21710.0, 0.299244
21720.0, 0.298449
21730.0, 0.297654
21740.0, 0.296859
21750.0, 0.296064
21760.0, 0.295303
21770.0, 0.294951
21780.0, 0.294598
21790.0, 0.294245
21800.0, 0.293892
21810.0, 0.29354
21820.0, 0.293187
21830.0, 0.292834
21840.0, 0.292482
21850.0, 0.292129
21860.0, 0.291776
21870.0, 0.291423
21880.0, 0.291071
21890.0, 0.290718
21900.0, 0.290365
21910.0, 0.290012
21920.0, 0.28966
21930.0, 0.289307
21940.0, 0.288954
21950.0, 0.288601
21960.0, 0.288249
21970.0, 0.287896
21980.0, 0.287543
21990.0, 0.28719
22000.0, 0.286838
22010.0, 0.286485
22020.0, 0.286132
22030.0, 0.28578
22040.0, 0.285427
22050.0, 0.285074
22060.0, 0.284721
22070.0, 0.284369
22080.0, 0.284045
22090.0, 0.283778
22100.0, 0.283511
22110.0, 0.283244
22120.0, 0.282978
22130.0, 0.282711
22140.0, 0.282444
22150.0, 0.282178
22160.0, 0.281911
22170.0, 0.281644
22180.0, 0.281378
22190.0, 0.281111
22200.0, 0.280844
22210.0, 0.280578
22220.0, 0.280311
22230.0, 0.280044
22240.0, 0.279778
22250.0, 0.279511
22260.0, 0.279244
22270.0, 0.278977
22280.0, 0.278711
22290.0, 0.278444
22300.0, 0.278177
22310.0, 0.277911
22320.0, 0.277644
22330.0, 0.277377
22340.0, 0.277111
22350.0, 0.276844
22360.0, 0.276577
22370.0, 0.276311
22380.0, 0.276044
22390.0, 0.275777
22400.0, 0.27551
22410.0, 0.275244
22420.0, 0.274977
22430.0, 0.27471
22440.0, 0.274444
22450.0, 0.274177
22460.0, 0.27391
22470.0, 0.273644
22480.0, 0.273377
22490.0, 0.27311
22500.0, 0.272844
22510.0, 0.272577
22520.0, 0.27231
22530.0, 0.272044
22540.0, 0.271777
22550.0, 0.27151
22560.0, 0.271243
22570.0, 0.270977
22580.0, 0.27071
22590.0, 0.270443
22600.0, 0.270177
22610.0, 0.269901
22620.0, 0.269612
22630.0, 0.269323
22640.0, 0.269034
22650.0, 0.268745
22660.0, 0.268456
22670.0, 0.268167
22680.0, 0.267878
22690.0, 0.267589
22700.0, 0.2673
22710.0, 0.267011
22720.0, 0.266721
22730.0, 0.266432
22740.0, 0.266143
22750.0, 0.265854
22760.0, 0.265565
22770.0, 0.265276
22780.0, 0.264987
22790.0, 0.264698
22800.0, 0.264409
22810.0, 0.26412
22820.0, 0.263831
22830.0, 0.263542
22840.0, 0.263252
22850.0, 0.262963
22860.0, 0.262674
22870.0, 0.262385
22880.0, 0.261987
22890.0, 0.26145
22900.0, 0.260914
22910.0, 0.260377
22920.0, 0.259841
22930.0, 0.259304
22940.0, 0.258767
22950.0, 0.258231
22960.0, 0.257694
22970.0, 0.257158
22980.0, 0.256621
22990.0, 0.256084
23000.0, 0.255548
23010.0, 0.255011
23020.0, 0.254475
23030.0, 0.253938
23040.0, 0.253402
23050.0, 0.252865
23060.0, 0.25241
23070.0, 0.252144
23080.0, 0.251879
23090.0, 0.251614
23100.0, 0.251349
23110.0, 0.251084
23120.0, 0.250818
23130.0, 0.250553
23140.0, 0.250288
23150.0, 0.250023
23160.0, 0.249758
23170.0, 0.249492
23180.0, 0.249227
23190.0, 0.248962
23200.0, 0.248697
23210.0, 0.248432
23220.0, 0.248166
23230.0, 0.247901
23240.0, 0.247636
23250.0, 0.247371
23260.0, 0.247106
23270.0, 0.24684
23280.0, 0.246575
23290.0, 0.24631
23300.0, 0.246045
23310.0, 0.24578
23320.0, 0.245514
23330.0, 0.245249
23340.0, 0.244984
23350.0, 0.244719
23360.0, 0.244454
23370.0, 0.244188
23380.0, 0.243923
23390.0, 0.243658
23400.0, 0.243393
23410.0, 0.243128
23420.0, 0.242862
23430.0, 0.242242
23440.0, 0.241364
23450.0, 0.240487
23460.0, 0.23961
23470.0, 0.238732
23480.0, 0.237855
23490.0, 0.236977
23500.0, 0.2361
23510.0, 0.235223
23520.0, 0.234345
23530.0, 0.233468
23540.0, 0.232901
23550.0, 0.23252
23560.0, 0.232138
23570.0, 0.231757
23580.0, 0.231375
23590.0, 0.230993
23600.0, 0.230612
23610.0, 0.23023
23620.0, 0.229849
23630.0, 0.229467
23640.0, 0.229086
23650.0, 0.228704
23660.0, 0.228323
23670.0, 0.227941
23680.0, 0.227559
23690.0, 0.227178
23700.0, 0.226796
23710.0, 0.226415
23720.0, 0.226033
23730.0, 0.225652
23740.0, 0.22527
23750.0, 0.224888
23760.0, 0.224507
23770.0, 0.224125
23780.0, 0.223744
23790.0, 0.223362
23800.0, 0.223009
23810.0, 0.222727
23820.0, 0.222446
23830.0, 0.222165
23840.0, 0.221884
23850.0, 0.221603
23860.0, 0.221322
23870.0, 0.22104
23880.0, 0.220759
23890.0, 0.220478
23900.0, 0.220197
23910.0, 0.219916
23920.0, 0.219635
23930.0, 0.219353
23940.0, 0.219072
23950.0, 0.218791
23960.0, 0.21851
23970.0, 0.218229
23980.0, 0.217948
23990.0, 0.217666
24000.0, 0.217385
24010.0, 0.217104
24020.0, 0.216823
24030.0, 0.216542
24040.0, 0.216261
24050.0, 0.215979
24060.0, 0.215698
24070.0, 0.215417
24080.0, 0.215136
24090.0, 0.214855
24100.0, 0.214574
24110.0, 0.214292
24120.0, 0.214011
24130.0, 0.21373
24140.0, 0.213449
24150.0, 0.213168
24160.0, 0.212887
24170.0, 0.212605
24180.0, 0.212331
24190.0, 0.212066
24200.0, 0.211802
24210.0, 0.211537
24220.0, 0.211273
24230.0, 0.211008
24240.0, 0.210744
24250.0, 0.210479
24260.0, 0.210215
24270.0, 0.20995
24280.0, 0.209686
24290.0, 0.209421
24300.0, 0.209157
24310.0, 0.208892
24320.0, 0.208628
24330.0, 0.208363
24340.0, 0.208099
24350.0, 0.207834
24360.0, 0.20757
24370.0, 0.207305
24380.0, 0.207041
24390.0, 0.206776
24400.0, 0.206512
24410.0, 0.206248
24420.0, 0.205983
24430.0, 0.205719
24440.0, 0.205454
24450.0, 0.20519
24460.0, 0.204925
24470.0, 0.204661
24480.0, 0.204396
24490.0, 0.204132
24500.0, 0.203867
24510.0, 0.203603
24520.0, 0.203338
24530.0, 0.203074
24540.0, 0.202809
24550.0, 0.202545
24560.0, 0.20228
24570.0, 0.202076
24580.0, 0.201879
24590.0, 0.201682
24600.0, 0.201485
24610.0, 0.201288
24620.0, 0.201092
24630.0, 0.200895
24640.0, 0.200698
24650.0, 0.200501
24660.0, 0.200305
24670.0, 0.200108
24680.0, 0.199911
24690.0, 0.199714
24700.0, 0.199517
24710.0, 0.199321
24720.0, 0.199124
24730.0, 0.198927
24740.0, 0.19873
24750.0, 0.198534
24760.0, 0.198337
24770.0, 0.19814
24780.0, 0.197943
24790.0, 0.197747
24800.0, 0.19755
24810.0, 0.197353
24820.0, 0.197156
24830.0, 0.196959
24840.0, 0.196763
24850.0, 0.196566
24860.0, 0.196369
24870.0, 0.196172
24880.0, 0.195976
24890.0, 0.195779
24900.0, 0.195582
24910.0, 0.195385
24920.0, 0.195189
24930.0, 0.194992
24940.0, 0.194795
24950.0, 0.194598
24960.0, 0.194401
24970.0, 0.194205
24980.0, 0.194008
24990.0, 0.193843
25000.0, 0.193714
25010.0, 0.193584
25020.0, 0.193455
25030.0, 0.193325
25040.0, 0.193195
25050.0, 0.193066
25060.0, 0.192936
25070.0, 0.192807
25080.0, 0.192677
25090.0, 0.192547
25100.0, 0.192418
25110.0, 0.192288
25120.0, 0.192158
25130.0, 0.192029
25140.0, 0.191899
25150.0, 0.19177
25160.0, 0.19164
25170.0, 0.19151
25180.0, 0.191381
25190.0, 0.191251
25200.0, 0.191122
25210.0, 0.190992
25220.0, 0.190862
25230.0, 0.190733
25240.0, 0.190603
25250.0, 0.190473
25260.0, 0.190344
25270.0, 0.190214
25280.0, 0.190085
25290.0, 0.189955
25300.0, 0.189825
25310.0, 0.189696
25320.0, 0.189566
25330.0, 0.189437
25340.0, 0.189307
25350.0, 0.189177
25360.0, 0.189048
25370.0, 0.188918
25380.0, 0.188788
25390.0, 0.188659
25400.0, 0.188529
25410.0, 0.1884
25420.0, 0.18827
25430.0, 0.18814
25440.0, 0.188011
25450.0, 0.187881
25460.0, 0.187752
25470.0, 0.187622
25480.0, 0.187492
25490.0, 0.187363
25500.0, 0.187233
25510.0, 0.187104
25520.0, 0.186974
25530.0, 0.186844
25540.0, 0.186715
25550.0, 0.186585
25560.0, 0.186455
25570.0, 0.186326
25580.0, 0.186196
25590.0, 0.186067
25600.0, 0.185937
25610.0, 0.185807
25620.0, 0.185678
25630.0, 0.185548
25640.0, 0.185419
25650.0, 0.185289
25660.0, 0.185159
25670.0, 0.18503
25680.0, 0.1849
25690.0, 0.18477
25700.0, 0.184641
25710.0, 0.184511
25720.0, 0.184382
25730.0, 0.184168
25740.0, 0.18389
25750.0, 0.183613
25760.0, 0.183335
25770.0, 0.183058
25780.0, 0.18278
25790.0, 0.182503
25800.0, 0.182225
25810.0, 0.181947
25820.0, 0.18167
25830.0, 0.181392
25840.0, 0.181115
25850.0, 0.180837
25860.0, 0.18056
25870.0, 0.180282
25880.0, 0.180005
25890.0, 0.179727
25900.0, 0.17945
25910.0, 0.179172
25920.0, 0.178895
25930.0, 0.178617
25940.0, 0.17834
25950.0, 0.178062
25960.0, 0.177784
25970.0, 0.177507
25980.0, 0.177229
25990.0, 0.176952
26000.0, 0.176674
26010.0, 0.176397
26020.0, 0.176119
26030.0, 0.175842
26040.0, 0.175564
26050.0, 0.175287
26060.0, 0.175009
26070.0, 0.174732
26080.0, 0.174454
26090.0, 0.174176
26100.0, 0.173899
26110.0, 0.173621
26120.0, 0.173344
26130.0, 0.173066
26140.0, 0.172789
26150.0, 0.172511
26160.0, 0.172234
26170.0, 0.171956
26180.0, 0.171679
26190.0, 0.171401
26200.0, 0.171152
26210.0, 0.171009
26220.0, 0.170866
26230.0, 0.170723
26240.0, 0.170581
26250.0, 0.170438
26260.0, 0.170295
26270.0, 0.170152
26280.0, 0.17001
26290.0, 0.169867
26300.0, 0.169724
26310.0, 0.169581
26320.0, 0.169439
26330.0, 0.169296
26340.0, 0.169153
26350.0, 0.16901
26360.0, 0.168867
26370.0, 0.168725
26380.0, 0.168582
26390.0, 0.168439
26400.0, 0.168296
26410.0, 0.168154
26420.0, 0.168011
26430.0, 0.167868
26440.0, 0.167725
26450.0, 0.167583
26460.0, 0.16744
26470.0, 0.167297
26480.0, 0.167154
26490.0, 0.167012
26500.0, 0.166869
26510.0, 0.166726
26520.0, 0.166583
26530.0, 0.166441
26540.0, 0.166298
26550.0, 0.166155
26560.0, 0.166012
26570.0, 0.16587
26580.0, 0.165727
26590.0, 0.165584
26600.0, 0.165441
26610.0, 0.165299
26620.0, 0.165156
26630.0, 0.165013
26640.0, 0.16487
26650.0, 0.164728
26660.0, 0.164585
26670.0, 0.164442
26680.0, 0.164299
26690.0, 0.164157
26700.0, 0.164014
26710.0, 0.163871
26720.0, 0.163728
26730.0, 0.163586
26740.0, 0.163443
26750.0, 0.1633
26760.0, 0.163157
26770.0, 0.163015
26780.0, 0.162872
26790.0, 0.162729
26800.0, 0.162586
26810.0, 0.162444
26820.0, 0.162301
26830.0, 0.162158
26840.0, 0.162015
26850.0, 0.161873
26860.0, 0.16173
26870.0, 0.161587
26880.0, 0.161444
26890.0, 0.161302
26900.0, 0.161159
26910.0, 0.161016
26920.0, 0.160873
26930.0, 0.160731
26940.0, 0.160588
26950.0, 0.160445
26960.0, 0.160302
26970.0, 0.16016
26980.0, 0.159996
26990.0, 0.159824
27000.0, 0.159652
27010.0, 0.15948
27020.0, 0.159308
27030.0, 0.159136
27040.0, 0.158964
27050.0, 0.158792
27060.0, 0.15862
27070.0, 0.158448
27080.0, 0.158276
27090.0, 0.158104
27100.0, 0.157932
27110.0, 0.15776
27120.0, 0.157588
27130.0, 0.157416
27140.0, 0.157244
27150.0, 0.157072
27160.0, 0.1569
27170.0, 0.156728
27180.0, 0.156556
27190.0, 0.156384
27200.0, 0.156212
27210.0, 0.15604
27220.0, 0.155868
27230.0, 0.155695
27240.0, 0.155523
27250.0, 0.155351
27260.0, 0.155179
27270.0, 0.155007
27280.0, 0.154835
27290.0, 0.154663
27300.0, 0.154491
27310.0, 0.154319
27320.0, 0.154147
27330.0, 0.153975
27340.0, 0.153803
27350.0, 0.153631
27360.0, 0.153459
27370.0, 0.153287
27380.0, 0.153115
27390.0, 0.152943
27400.0, 0.152771
27410.0, 0.152599
27420.0, 0.152427
27430.0, 0.152255
27440.0, 0.152083
27450.0, 0.151911
27460.0, 0.151739
27470.0, 0.151567
27480.0, 0.151395
27490.0, 0.151223
27500.0, 0.151051
27510.0, 0.150879
27520.0, 0.150707
27530.0, 0.150535
27540.0, 0.150363
27550.0, 0.150191
27560.0, 0.150019
27570.0, 0.149847
27580.0, 0.149675
27590.0, 0.149503
27600.0, 0.149331
27610.0, 0.149158
27620.0, 0.148986
27630.0, 0.148814
27640.0, 0.148642
27650.0, 0.14847
27660.0, 0.148328
27670.0, 0.148188
27680.0, 0.148049
27690.0, 0.147909
27700.0, 0.14777
27710.0, 0.14763
27720.0, 0.14749
27730.0, 0.147351
27740.0, 0.147211
27750.0, 0.147072
27760.0, 0.146932
27770.0, 0.146793
27780.0, 0.146653
27790.0, 0.146514
27800.0, 0.146374
27810.0, 0.146234
27820.0, 0.146095
27830.0, 0.145955
27840.0, 0.145816
27850.0, 0.145676
27860.0, 0.145537
27870.0, 0.145397
27880.0, 0.145258
27890.0, 0.145118
27900.0, 0.144978
27910.0, 0.144839
27920.0, 0.144699
27930.0, 0.14456
27940.0, 0.14442
27950.0, 0.144281
27960.0, 0.144141
27970.0, 0.144002
27980.0, 0.143862
27990.0, 0.143723
28000.0, 0.143583
28010.0, 0.143443
28020.0, 0.143304
28030.0, 0.143164
28040.0, 0.143025
28050.0, 0.142885
28060.0, 0.142746
28070.0, 0.142606
28080.0, 0.142467
28090.0, 0.142327
28100.0, 0.142187
28110.0, 0.142048
28120.0, 0.141908
28130.0, 0.141769
28140.0, 0.141629
28150.0, 0.14149
28160.0, 0.14135
28170.0, 0.141211
28180.0, 0.141071
28190.0, 0.140931
28200.0, 0.140792
28210.0, 0.140652
28220.0, 0.140513
28230.0, 0.140373
28240.0, 0.140234
28250.0, 0.140094
28260.0, 0.139955
28270.0, 0.139815
28280.0, 0.139676
28290.0, 0.139536
28300.0, 0.139396
28310.0, 0.139257
28320.0, 0.139115
28330.0, 0.138972
28340.0, 0.138828
28350.0, 0.138685
28360.0, 0.138541
28370.0, 0.138398
28380.0, 0.138254
28390.0, 0.138111
28400.0, 0.137967
28410.0, 0.137824
28420.0, 0.13768
28430.0, 0.137537
28440.0, 0.137394
28450.0, 0.13725
28460.0, 0.137107
28470.0, 0.136963
28480.0, 0.13682
28490.0, 0.136676
28500.0, 0.136533
28510.0, 0.136389
28520.0, 0.136246
28530.0, 0.136103
28540.0, 0.135959
28550.0, 0.135816
28560.0, 0.135672
28570.0, 0.135529
28580.0, 0.135385
28590.0, 0.135242
28600.0, 0.135098
28610.0, 0.134955
28620.0, 0.134811
28630.0, 0.134668
28640.0, 0.134525
28650.0, 0.134381
28660.0, 0.134238
28670.0, 0.134094
28680.0, 0.133951
28690.0, 0.133807
28700.0, 0.133664
28710.0, 0.13352
28720.0, 0.133377
28730.0, 0.133234
28740.0, 0.13309
28750.0, 0.132947
28760.0, 0.132803
28770.0, 0.13266
28780.0, 0.132516
28790.0, 0.132373
28800.0, 0.132229
28810.0, 0.132086
28820.0, 0.131942
28830.0, 0.131799
28840.0, 0.131656
28850.0, 0.131512
28860.0, 0.131369
28870.0, 0.131225
28880.0, 0.131082
28890.0, 0.130938
28900.0, 0.130795
28910.0, 0.130651
28920.0, 0.130508
28930.0, 0.130364
28940.0, 0.130221
28950.0, 0.130078
28960.0, 0.129934
28970.0, 0.129791
28980.0, 0.129647
28990.0, 0.129504
29000.0, 0.129376
29010.0, 0.129254
29020.0, 0.129133
29030.0, 0.129011
29040.0, 0.12889
29050.0, 0.128768
29060.0, 0.128647
29070.0, 0.128526
29080.0, 0.128404
29090.0, 0.128283
29100.0, 0.128161
29110.0, 0.12804
29120.0, 0.127918
29130.0, 0.127797
29140.0, 0.127676
29150.0, 0.127554
29160.0, 0.127433
29170.0, 0.127311
29180.0, 0.12719
29190.0, 0.127068
29200.0, 0.126947
29210.0, 0.126826
29220.0, 0.126704
29230.0, 0.126583
29240.0, 0.126461
29250.0, 0.12634
29260.0, 0.126218
29270.0, 0.126097
29280.0, 0.125976
29290.0, 0.125854
29300.0, 0.125733
29310.0, 0.125611
29320.0, 0.12549
29330.0, 0.125368
29340.0, 0.125247
29350.0, 0.125126
29360.0, 0.125004
29370.0, 0.124883
29380.0, 0.124761
29390.0, 0.12464
29400.0, 0.124518
29410.0, 0.124397
29420.0, 0.124276
29430.0, 0.124154
29440.0, 0.124033
29450.0, 0.123911
29460.0, 0.12379
29470.0, 0.123668
29480.0, 0.123547
29490.0, 0.123426
29500.0, 0.123304
29510.0, 0.123183
29520.0, 0.123061
29530.0, 0.12294
29540.0, 0.122818
29550.0, 0.122697
29560.0, 0.122576
29570.0, 0.122454
29580.0, 0.122333
29590.0, 0.122211
29600.0, 0.12209
29610.0, 0.121968
29620.0, 0.121847
29630.0, 0.121726
29640.0, 0.121604
29650.0, 0.121483
29660.0, 0.121361
29670.0, 0.12124
29680.0, 0.121118
29690.0, 0.120996
29700.0, 0.120872
29710.0, 0.120747
29720.0, 0.120622
29730.0, 0.120497
29740.0, 0.120372
29750.0, 0.120247
29760.0, 0.120122
29770.0, 0.119997
29780.0, 0.119872
29790.0, 0.119747
29800.0, 0.119622
29810.0, 0.119497
29820.0, 0.119372
29830.0, 0.119247
29840.0, 0.119122
29850.0, 0.118998
29860.0, 0.118873
29870.0, 0.118748
29880.0, 0.118623
29890.0, 0.118498
29900.0, 0.118373
29910.0, 0.118248
29920.0, 0.118123
29930.0, 0.117998
29940.0, 0.117873
29950.0, 0.117748
29960.0, 0.117623
29970.0, 0.117498
29980.0, 0.117373
29990.0, 0.117248
30000.0, 0.117123
30010.0, 0.116999
30020.0, 0.116874
30030.0, 0.116749
30040.0, 0.116624
30050.0, 0.116499
30060.0, 0.116374
30070.0, 0.116249
30080.0, 0.116124
30090.0, 0.115999
30100.0, 0.115874
30110.0, 0.115749
30120.0, 0.115624
30130.0, 0.115499
30140.0, 0.115374
30150.0, 0.115249
30160.0, 0.115125
30170.0, 0.115
30180.0, 0.114875
30190.0, 0.11475
30200.0, 0.114625
30210.0, 0.1145
30220.0, 0.114375
30230.0, 0.11425
30240.0, 0.114125
30250.0, 0.114
30260.0, 0.113875
30270.0, 0.11375
30280.0, 0.113625
30290.0, 0.1135
30300.0, 0.113375
30310.0, 0.113251
30320.0, 0.113126
30330.0, 0.113001
30340.0, 0.112876
30350.0, 0.112751
30360.0, 0.112626
30370.0, 0.112501
30380.0, 0.112376
30390.0, 0.112251
30400.0, 0.112126
30410.0, 0.112001
30420.0, 0.111876
30430.0, 0.111751
30440.0, 0.111638
30450.0, 0.111536
30460.0, 0.111433
30470.0, 0.11133
30480.0, 0.111227
30490.0, 0.111125
30500.0, 0.111022
30510.0, 0.110919
30520.0, 0.110816
30530.0, 0.110714
30540.0, 0.110611
30550.0, 0.110508
30560.0, 0.110405
30570.0, 0.110303
30580.0, 0.1102
30590.0, 0.110097
30600.0, 0.109995
30610.0, 0.109892
30620.0, 0.109789
30630.0, 0.109686
30640.0, 0.109584
30650.0, 0.109481
30660.0, 0.109378
30670.0, 0.109275
30680.0, 0.109173
30690.0, 0.10907
30700.0, 0.108967
30710.0, 0.108864
30720.0, 0.108762
30730.0, 0.108659
30740.0, 0.108556
30750.0, 0.108454
30760.0, 0.108351
30770.0, 0.108248
30780.0, 0.108145
30790.0, 0.108043
30800.0, 0.10794
30810.0, 0.107837
30820.0, 0.107734
30830.0, 0.107632
30840.0, 0.107529
30850.0, 0.107426
30860.0, 0.107323
30870.0, 0.107221
30880.0, 0.107118
30890.0, 0.107015
30900.0, 0.106912
30910.0, 0.10681
30920.0, 0.106707
30930.0, 0.106604
30940.0, 0.106502
30950.0, 0.106399
30960.0, 0.106296
30970.0, 0.106193
30980.0, 0.106091
30990.0, 0.105988
31000.0, 0.105885
31010.0, 0.105782
31020.0, 0.10568
31030.0, 0.105577
31040.0, 0.105474
31050.0, 0.105371
31060.0, 0.105269
31070.0, 0.105166
31080.0, 0.105063
31090.0, 0.104961
31100.0, 0.104858
31110.0, 0.104755
31120.0, 0.104652
31130.0, 0.10455
31140.0, 0.104447
31150.0, 0.104344
31160.0, 0.104241
31170.0, 0.104139
31180.0, 0.104036
31190.0, 0.103933
31200.0, 0.10383
31210.0, 0.103728
31220.0, 0.103625
31230.0, 0.103522
31240.0, 0.10342
31250.0, 0.103317
31260.0, 0.103214
31270.0, 0.103111
31280.0, 0.103009
31290.0, 0.102906
31300.0, 0.102803
31310.0, 0.1027
31320.0, 0.102598
31330.0, 0.102495
31340.0, 0.102392
31350.0, 0.102289
31360.0, 0.102187
31370.0, 0.102084
31380.0, 0.101987
31390.0, 0.101898
31400.0, 0.10181
31410.0, 0.101722
31420.0, 0.101634
31430.0, 0.101545
31440.0, 0.101457
31450.0, 0.101369
31460.0, 0.101281
31470.0, 0.101192
31480.0, 0.101104
31490.0, 0.101016
31500.0, 0.100927
31510.0, 0.100839
31520.0, 0.100751
31530.0, 0.100663
31540.0, 0.100574
31550.0, 0.100486
31560.0, 0.100398
31570.0, 0.100309
31580.0, 0.100221
31590.0, 0.100133
31600.0, 0.100045
31610.0, 0.099956
31620.0, 0.099868
31630.0, 0.09978
31640.0, 0.099692
31650.0, 0.099603
31660.0, 0.099515
31670.0, 0.099427
31680.0, 0.099338
31690.0, 0.09925
31700.0, 0.099162
31710.0, 0.099074
31720.0, 0.098985
31730.0, 0.098897
31740.0, 0.098809
31750.0, 0.09872
31760.0, 0.098632
31770.0, 0.098544
31780.0, 0.098456
31790.0, 0.098367
31800.0, 0.098279
31810.0, 0.098191
31820.0, 0.098103
31830.0, 0.098014
31840.0, 0.097926
31850.0, 0.097838
31860.0, 0.097749
31870.0, 0.097661
31880.0, 0.097573
31890.0, 0.097485
31900.0, 0.097396
31910.0, 0.097308
31920.0, 0.09722
31930.0, 0.097131
31940.0, 0.097043
31950.0, 0.096955
31960.0, 0.096867
31970.0, 0.096778
31980.0, 0.09669
31990.0, 0.096602
32000.0, 0.096513
32010.0, 0.096425
32020.0, 0.096337
32030.0, 0.096249
32040.0, 0.09616
32050.0, 0.096072
32060.0, 0.095984
32070.0, 0.095896
32080.0, 0.095807
32090.0, 0.095719
32100.0, 0.095631
32110.0, 0.095542
32120.0, 0.095454
32130.0, 0.095366
32140.0, 0.095278
32150.0, 0.095189
32160.0, 0.095101
32170.0, 0.095013
32180.0, 0.094924
32190.0, 0.094836
32200.0, 0.094748
32210.0, 0.09466
32220.0, 0.094571
32230.0, 0.094483
32240.0, 0.094395
32250.0, 0.094307
32260.0, 0.094218
32270.0, 0.09413
32280.0, 0.094042
32290.0, 0.093953
32300.0, 0.093865
32310.0, 0.093777
32320.0, 0.093689
32330.0, 0.0936
32340.0, 0.093512
32350.0, 0.093424
32360.0, 0.093335
32370.0, 0.093247
32380.0, 0.093159
32390.0, 0.093069
32400.0, 0.092977
32410.0, 0.092886
32420.0, 0.092794
32430.0, 0.092703
32440.0, 0.092612
32450.0, 0.09252
32460.0, 0.092429
32470.0, 0.092338
32480.0, 0.092246
32490.0, 0.092155
32500.0, 0.092063
32510.0, 0.091972
32520.0, 0.091881
32530.0, 0.091789
32540.0, 0.091698
32550.0, 0.091606
32560.0, 0.091515
32570.0, 0.091424
32580.0, 0.091332
32590.0, 0.091241
32600.0, 0.09115
32610.0, 0.091058
32620.0, 0.090967
32630.0, 0.090875
32640.0, 0.090784
32650.0, 0.090693
32660.0, 0.090601
32670.0, 0.09051
32680.0, 0.090418
32690.0, 0.090327
32700.0, 0.090236
32710.0, 0.090144
32720.0, 0.090053
32730.0, 0.089962
32740.0, 0.08987
32750.0, 0.089779
32760.0, 0.089687
32770.0, 0.089596
32780.0, 0.089505
32790.0, 0.089413
32800.0, 0.089322
32810.0, 0.089231
32820.0, 0.089139
32830.0, 0.089048
32840.0, 0.088956
32850.0, 0.088865
32860.0, 0.088774
32870.0, 0.088682
32880.0, 0.088591
32890.0, 0.088499
32900.0, 0.088408
32910.0, 0.088317
32920.0, 0.088225
32930.0, 0.088134
32940.0, 0.088043
32950.0, 0.087951
32960.0, 0.08786
32970.0, 0.087768
32980.0, 0.087677
32990.0, 0.087586
33000.0, 0.087494
33010.0, 0.087403
33020.0, 0.087311
33030.0, 0.08722
33040.0, 0.087129
33050.0, 0.087037
33060.0, 0.086946
33070.0, 0.086855
33080.0, 0.086763
33090.0, 0.086672
33100.0, 0.08658
33110.0, 0.086489
33120.0, 0.086398
33130.0, 0.086306
33140.0, 0.086215
33150.0, 0.086123
33160.0, 0.086032
33170.0, 0.085941
33180.0, 0.085849
33190.0, 0.085758
33200.0, 0.085667
33210.0, 0.085575
33220.0, 0.085484
33230.0, 0.085392
33240.0, 0.085301
33250.0, 0.08521
33260.0, 0.085118
33270.0, 0.085027
33280.0, 0.084935
33290.0, 0.084844
33300.0, 0.084753
33310.0, 0.084661
33320.0, 0.08457
33330.0, 0.084479
33340.0, 0.084387
33350.0, 0.084296
33360.0, 0.084204
33370.0, 0.084113
33380.0, 0.084022
33390.0, 0.08393
33400.0, 0.083839
33410.0, 0.083747
33420.0, 0.083656
33430.0, 0.083575
33440.0, 0.083499
33450.0, 0.083423
33460.0, 0.083347
33470.0, 0.083271
33480.0, 0.083195
33490.0, 0.083119
33500.0, 0.083043
33510.0, 0.082967
33520.0, 0.082891
33530.0, 0.082815
33540.0, 0.082739
33550.0, 0.082663
33560.0, 0.082587
33570.0, 0.082511
33580.0, 0.082435
33590.0, 0.082358
33600.0, 0.082282
33610.0, 0.082206
33620.0, 0.08213
33630.0, 0.082054
33640.0, 0.081978
33650.0, 0.081902
33660.0, 0.081826
33670.0, 0.08175
33680.0, 0.081674
33690.0, 0.081598
33700.0, 0.081522
33710.0, 0.081446
33720.0, 0.08137
33730.0, 0.081294
33740.0, 0.081218
33750.0, 0.081141
33760.0, 0.081065
33770.0, 0.080989
33780.0, 0.080913
33790.0, 0.080837
33800.0, 0.080761
33810.0, 0.080685
33820.0, 0.080609
33830.0, 0.080533
33840.0, 0.080457
33850.0, 0.080381
33860.0, 0.080305
33870.0, 0.080229
33880.0, 0.080153
33890.0, 0.080077
33900.0, 0.080001
33910.0, 0.079924
33920.0, 0.079848
33930.0, 0.079772
33940.0, 0.079696
33950.0, 0.07962
33960.0, 0.079544
33970.0, 0.079468
33980.0, 0.079392
33990.0, 0.079316
34000.0, 0.07924
34010.0, 0.079164
34020.0, 0.079088
34030.0, 0.079012
34040.0, 0.078936
34050.0, 0.07886
34060.0, 0.078784
34070.0, 0.078707
34080.0, 0.078631
34090.0, 0.078555
34100.0, 0.078479
34110.0, 0.078403
34120.0, 0.078327
34130.0, 0.078251
34140.0, 0.078175
34150.0, 0.078099
34160.0, 0.078023
34170.0, 0.077947
34180.0, 0.077871
34190.0, 0.077795
34200.0, 0.077719
34210.0, 0.077643
34220.0, 0.077567
34230.0, 0.07749
34240.0, 0.077414
34250.0, 0.077338
34260.0, 0.077262
34270.0, 0.077186
34280.0, 0.07711
34290.0, 0.077034
34300.0, 0.076958
34310.0, 0.076882
34320.0, 0.076806
34330.0, 0.07673
34340.0, 0.076654
34350.0, 0.076578
34360.0, 0.076502
34370.0, 0.076426
34380.0, 0.07635
34390.0, 0.076274
34400.0, 0.076197
34410.0, 0.076121
34420.0, 0.076045
34430.0, 0.075969
34440.0, 0.075893
34450.0, 0.075817
34460.0, 0.075741
34470.0, 0.075665
34480.0, 0.075589
34490.0, 0.075513
34500.0, 0.075437
34510.0, 0.075361
34520.0, 0.075285
34530.0, 0.075209
34540.0, 0.075133
34550.0, 0.075057
34560.0, 0.074989
34570.0, 0.074938
34580.0, 0.074887
34590.0, 0.074835
34600.0, 0.074784
34610.0, 0.074733
34620.0, 0.074682
34630.0, 0.07463
34640.0, 0.074579
34650.0, 0.074528
34660.0, 0.074477
34670.0, 0.074425
34680.0, 0.074374
34690.0, 0.074323
34700.0, 0.074272
34710.0, 0.07422
34720.0, 0.074169
34730.0, 0.074118
34740.0, 0.074066
34750.0, 0.074015
34760.0, 0.073964
34770.0, 0.073913
34780.0, 0.073861
34790.0, 0.07381
34800.0, 0.073759
34810.0, 0.073708
34820.0, 0.073656
34830.0, 0.073605
34840.0, 0.073554
34850.0, 0.073503
34860.0, 0.073451
34870.0, 0.0734
34880.0, 0.073349
34890.0, 0.073298
34900.0, 0.073246
34910.0, 0.073195
34920.0, 0.073144
34930.0, 0.073093
34940.0, 0.073041
34950.0, 0.07299
34960.0, 0.072939
34970.0, 0.072888
34980.0, 0.072836
34990.0, 0.072785
35000.0, 0.072734
35010.0, 0.072683
35020.0, 0.072631
35030.0, 0.07258
35040.0, 0.072529
35050.0, 0.072477
35060.0, 0.072426
35070.0, 0.072375
35080.0, 0.072324
35090.0, 0.072272
35100.0, 0.072221
35110.0, 0.07217
35120.0, 0.072119
35130.0, 0.072067
35140.0, 0.072016
35150.0, 0.071965
35160.0, 0.071914
35170.0, 0.071862
35180.0, 0.071811
35190.0, 0.07176
35200.0, 0.071709
35210.0, 0.071657
35220.0, 0.071606
35230.0, 0.071555
35240.0, 0.071504
35250.0, 0.071452
35260.0, 0.071401
35270.0, 0.07135
35280.0, 0.071299
35290.0, 0.071247
35300.0, 0.071196
35310.0, 0.071145
35320.0, 0.071093
35330.0, 0.071042
35340.0, 0.070991
35350.0, 0.07094
35360.0, 0.070888
35370.0, 0.070837
35380.0, 0.070786
35390.0, 0.070735
35400.0, 0.070683
35410.0, 0.070632
35420.0, 0.070581
35430.0, 0.07053
35440.0, 0.070478
35450.0, 0.070427
35460.0, 0.070376
35470.0, 0.070325
35480.0, 0.070273
35490.0, 0.070222
35500.0, 0.070171
35510.0, 0.07012
35520.0, 0.070068
35530.0, 0.070017
35540.0, 0.069966
35550.0, 0.069915
35560.0, 0.069863
35570.0, 0.069812
35580.0, 0.069761
35590.0, 0.06971
35600.0, 0.069658
35610.0, 0.069607
35620.0, 0.069556
35630.0, 0.069504
35640.0, 0.069453
35650.0, 0.069402
35660.0, 0.069351
35670.0, 0.069299
35680.0, 0.069248
35690.0, 0.069197
35700.0, 0.069146
35710.0, 0.069094
35720.0, 0.069043
35730.0, 0.068992
35740.0, 0.068941
35750.0, 0.068889
35760.0, 0.068838
35770.0, 0.068766
35780.0, 0.068677
35790.0, 0.068588
35800.0, 0.0685
35810.0, 0.068411
35820.0, 0.068322
35830.0, 0.068234
35840.0, 0.068145
35850.0, 0.068056
35860.0, 0.067968
35870.0, 0.067879
35880.0, 0.06779
35890.0, 0.067702
35900.0, 0.067613
35910.0, 0.067524
35920.0, 0.067436
35930.0, 0.067347
35940.0, 0.067258
35950.0, 0.06717
35960.0, 0.067081
35970.0, 0.066992
35980.0, 0.066904
35990.0, 0.066815
36000.0, 0.066727
36010.0, 0.066638
36020.0, 0.066549
36030.0, 0.066461
36040.0, 0.066372
36050.0, 0.066283
36060.0, 0.066195
36070.0, 0.066106
36080.0, 0.066017
36090.0, 0.065929
36100.0, 0.06584
36110.0, 0.065751
36120.0, 0.065663
36130.0, 0.065574
36140.0, 0.065485
36150.0, 0.065397
36160.0, 0.065308
36170.0, 0.065219
36180.0, 0.065131
36190.0, 0.065042
36200.0, 0.064953
36210.0, 0.064865
36220.0, 0.064776
36230.0, 0.064687
36240.0, 0.064599
36250.0, 0.06451
36260.0, 0.064421
36270.0, 0.064333
36280.0, 0.064244
36290.0, 0.064155
36300.0, 0.064067
36310.0, 0.063978
36320.0, 0.063889
36330.0, 0.063801
36340.0, 0.063712
36350.0, 0.063624
36360.0, 0.063535
36370.0, 0.063446
36380.0, 0.063358
36390.0, 0.063269
36400.0, 0.06318
36410.0, 0.063092
36420.0, 0.063003
36430.0, 0.062914
36440.0, 0.062826
36450.0, 0.062737
36460.0, 0.062648
36470.0, 0.06256
36480.0, 0.062471
36490.0, 0.062382
36500.0, 0.062294
36510.0, 0.062205
36520.0, 0.062116
36530.0, 0.062028
36540.0, 0.061939
36550.0, 0.06185
36560.0, 0.061762
36570.0, 0.061673
36580.0, 0.061584
36590.0, 0.061552
36600.0, 0.061523
36610.0, 0.061494
36620.0, 0.061465
36630.0, 0.061437
36640.0, 0.061408
36650.0, 0.061379
36660.0, 0.06135
36670.0, 0.061322
36680.0, 0.061293
36690.0, 0.061264
36700.0, 0.061235
36710.0, 0.061207
36720.0, 0.061178
36730.0, 0.061149
36740.0, 0.06112
36750.0, 0.061092
36760.0, 0.061063
36770.0, 0.061034
36780.0, 0.061006
36790.0, 0.060977
36800.0, 0.060948
36810.0, 0.060919
36820.0, 0.060891
36830.0, 0.060862
36840.0, 0.060833
36850.0, 0.060804
36860.0, 0.060776
36870.0, 0.060747
36880.0, 0.060718
36890.0, 0.060689
36900.0, 0.060661
36910.0, 0.060632
36920.0, 0.060603
36930.0, 0.060574
36940.0, 0.060546
36950.0, 0.060517
36960.0, 0.060488
36970.0, 0.060459
36980.0, 0.060431
36990.0, 0.060402
37000.0, 0.060373
37010.0, 0.060344
37020.0, 0.060316
37030.0, 0.060287
37040.0, 0.060258
37050.0, 0.060229
37060.0, 0.060201
37070.0, 0.060172
37080.0, 0.060143
37090.0, 0.060114
37100.0, 0.060086
37110.0, 0.060057
37120.0, 0.060028
37130.0, 0.059999
37140.0, 0.059971
37150.0, 0.059942
37160.0, 0.059913
37170.0, 0.059884
37180.0, 0.059856
37190.0, 0.059827
37200.0, 0.059798
37210.0, 0.059769
37220.0, 0.059741
37230.0, 0.059712
37240.0, 0.059683
37250.0, 0.059654
37260.0, 0.059626
37270.0, 0.059597
37280.0, 0.059568
37290.0, 0.059539
37300.0, 0.059511
37310.0, 0.059482
37320.0, 0.059453
37330.0, 0.059424
37340.0, 0.059396
37350.0, 0.059367
37360.0, 0.059338
37370.0, 0.059309
37380.0, 0.059281
37390.0, 0.059252
37400.0, 0.059223
37410.0, 0.059194
37420.0, 0.059166
37430.0, 0.059137
37440.0, 0.059108
37450.0, 0.059079
37460.0, 0.059051
37470.0, 0.059022
37480.0, 0.058993
37490.0, 0.058964
37500.0, 0.058936
37510.0, 0.058907
37520.0, 0.058878
37530.0, 0.058849
37540.0, 0.058821
37550.0, 0.058792
37560.0, 0.058763
37570.0, 0.058734
37580.0, 0.058706
37590.0, 0.058677
37600.0, 0.058648
37610.0, 0.058619
37620.0, 0.058591
37630.0, 0.058562
37640.0, 0.058533
37650.0, 0.058504
37660.0, 0.058476
37670.0, 0.058447
37680.0, 0.058418
37690.0, 0.058389
37700.0, 0.058361
37710.0, 0.058332
37720.0, 0.058303
37730.0, 0.058274
37740.0, 0.058246
37750.0, 0.058217
37760.0, 0.058188
37770.0, 0.058159
37780.0, 0.058131
37790.0, 0.058102
37800.0, 0.058073
37810.0, 0.058044
37820.0, 0.058016
37830.0, 0.057983
37840.0, 0.057944
37850.0, 0.057905
37860.0, 0.057865
37870.0, 0.057826
37880.0, 0.057787
37890.0, 0.057748
37900.0, 0.057709
37910.0, 0.05767
37920.0, 0.05763
37930.0, 0.057591
37940.0, 0.057552
37950.0, 0.057513
37960.0, 0.057474
37970.0, 0.057435
37980.0, 0.057395
37990.0, 0.057356
38000.0, 0.057317
38010.0, 0.057278
38020.0, 0.057239
38030.0, 0.0572
38040.0, 0.057161
38050.0, 0.057121
38060.0, 0.057082
38070.0, 0.057043
38080.0, 0.057004
38090.0, 0.056965
38100.0, 0.056926
38110.0, 0.056886
38120.0, 0.056847
38130.0, 0.056808
38140.0, 0.056769
38150.0, 0.05673
38160.0, 0.056691
38170.0, 0.056652
38180.0, 0.056612
38190.0, 0.056573
38200.0, 0.056534
38210.0, 0.056495
38220.0, 0.056456
38230.0, 0.056417
38240.0, 0.056377
38250.0, 0.056338
38260.0, 0.056299
38270.0, 0.05626
38280.0, 0.056221
38290.0, 0.056182
38300.0, 0.056143
38310.0, 0.056103
38320.0, 0.056064
38330.0, 0.056025
38340.0, 0.055986
38350.0, 0.055947
38360.0, 0.055908
38370.0, 0.055868
38380.0, 0.055829
38390.0, 0.05579
38400.0, 0.055751
38410.0, 0.055712
38420.0, 0.055673
38430.0, 0.055633
38440.0, 0.055594
38450.0, 0.055555
38460.0, 0.055516
38470.0, 0.055477
38480.0, 0.055438
38490.0, 0.055399
38500.0, 0.055359
38510.0, 0.05532
38520.0, 0.055281
38530.0, 0.055242
38540.0, 0.055203
38550.0, 0.055164
38560.0, 0.055124
38570.0, 0.055085
38580.0, 0.055046
38590.0, 0.055007
38600.0, 0.054968
38610.0, 0.054929
38620.0, 0.05489
38630.0, 0.05485
38640.0, 0.054811
38650.0, 0.054772
38660.0, 0.054733
38670.0, 0.054694
38680.0, 0.054655
38690.0, 0.054615
38700.0, 0.054576
38710.0, 0.054537
38720.0, 0.054498
38730.0, 0.054459
38740.0, 0.05442
38750.0, 0.05438
38760.0, 0.054341
38770.0, 0.054302
38780.0, 0.054263
38790.0, 0.054224
38800.0, 0.054185
38810.0, 0.054146
38820.0, 0.054106
38830.0, 0.054067
38840.0, 0.054028
38850.0, 0.053989
38860.0, 0.05395
38870.0, 0.053911
38880.0, 0.053871
38890.0, 0.053832
38900.0, 0.053793
38910.0, 0.053754
38920.0, 0.053715
38930.0, 0.053676
38940.0, 0.053637
38950.0, 0.053597
38960.0, 0.053558
38970.0, 0.053519
38980.0, 0.05348
38990.0, 0.053441
39000.0, 0.053402
39010.0, 0.053362
39020.0, 0.053323
39030.0, 0.053284
39040.0, 0.053245
39050.0, 0.053206
39060.0, 0.053167
39070.0, 0.053128
39080.0, 0.053088
39090.0, 0.053049
39100.0, 0.05301
39110.0, 0.052971
39120.0, 0.052932
39130.0, 0.052893
39140.0, 0.052853
39150.0, 0.052814
39160.0, 0.052775
39170.0, 0.052736
39180.0, 0.052697
39190.0, 0.052658
39200.0, 0.052618
39210.0, 0.052579
39220.0, 0.05254
39230.0, 0.052501
39240.0, 0.052462
39250.0, 0.052423
39260.0, 0.052384
39270.0, 0.052344
39280.0, 0.052305
39290.0, 0.052266
39300.0, 0.052227
39310.0, 0.052188
39320.0, 0.052149
39330.0, 0.052109
39340.0, 0.05207
39350.0, 0.052031
39360.0, 0.051992
39370.0, 0.051953
39380.0, 0.051914
39390.0, 0.051875
39400.0, 0.051835
39410.0, 0.051796
39420.0, 0.051757
39430.0, 0.051718
39440.0, 0.051679
39450.0, 0.05164
39460.0, 0.051602
39470.0, 0.051565
39480.0, 0.051528
39490.0, 0.051491
39500.0, 0.051455
39510.0, 0.051418
39520.0, 0.051381
39530.0, 0.051344
39540.0, 0.051307
39550.0, 0.05127
39560.0, 0.051234
39570.0, 0.051197
39580.0, 0.05116
39590.0, 0.051123
39600.0, 0.051086
39610.0, 0.05105
39620.0, 0.051013
39630.0, 0.050976
39640.0, 0.050939
39650.0, 0.050902
39660.0, 0.050865
39670.0, 0.050829
39680.0, 0.050792
39690.0, 0.050755
39700.0, 0.050718
39710.0, 0.050681
39720.0, 0.050644
39730.0, 0.050608
39740.0, 0.050571
39750.0, 0.050534
39760.0, 0.050497
39770.0, 0.05046
39780.0, 0.050424
39790.0, 0.050387
39800.0, 0.05035
39810.0, 0.050313
39820.0, 0.050276
39830.0, 0.050239
39840.0, 0.050203
39850.0, 0.050166
39860.0, 0.050129
39870.0, 0.050092
39880.0, 0.050055
39890.0, 0.050018
39900.0, 0.049982
39910.0, 0.049945
39920.0, 0.049908
39930.0, 0.049871
39940.0, 0.049834
39950.0, 0.049797
39960.0, 0.049761
39970.0, 0.049724
39980.0, 0.049687
39990.0, 0.04965
40000.0, 0.049613
40010.0, 0.049577
40020.0, 0.04954
40030.0, 0.049503
40040.0, 0.049466
40050.0, 0.049429
40060.0, 0.049392
40070.0, 0.049356
40080.0, 0.049319
40090.0, 0.049282
40100.0, 0.049245
40110.0, 0.049208
40120.0, 0.049171
40130.0, 0.049135
40140.0, 0.049098
40150.0, 0.049061
40160.0, 0.049024
40170.0, 0.048987
40180.0, 0.048951
40190.0, 0.048914
40200.0, 0.048877
40210.0, 0.04884
40220.0, 0.048803
40230.0, 0.048766
40240.0, 0.04873
40250.0, 0.048693
40260.0, 0.048656
40270.0, 0.048619
40280.0, 0.048582
40290.0, 0.048545
40300.0, 0.048509
40310.0, 0.048472
40320.0, 0.048435
40330.0, 0.048398
40340.0, 0.048361
40350.0, 0.048324
40360.0, 0.048288
40370.0, 0.048251
40380.0, 0.048214
40390.0, 0.048177
40400.0, 0.04814
40410.0, 0.048104
40420.0, 0.048067
40430.0, 0.04803
40440.0, 0.047993
40450.0, 0.047956
40460.0, 0.047919
40470.0, 0.047883
40480.0, 0.047846
40490.0, 0.047809
40500.0, 0.047772
40510.0, 0.047735
40520.0, 0.047698
40530.0, 0.047662
40540.0, 0.047625
40550.0, 0.047588
40560.0, 0.047551
40570.0, 0.047514
40580.0, 0.047478
40590.0, 0.047441
40600.0, 0.047404
40610.0, 0.047367
40620.0, 0.04733
40630.0, 0.047293
40640.0, 0.047257
40650.0, 0.04722
40660.0, 0.047183
40670.0, 0.047146
40680.0, 0.047109
40690.0, 0.047072
40700.0, 0.047036
40710.0, 0.046999
40720.0, 0.046962
40730.0, 0.046925
40740.0, 0.046888
40750.0, 0.046851
40760.0, 0.046815
40770.0, 0.046778
40780.0, 0.046741
40790.0, 0.046704
40800.0, 0.046667
40810.0, 0.046631
40820.0, 0.046594
40830.0, 0.046557
40840.0, 0.04652
40850.0, 0.046483
40860.0, 0.046446
40870.0, 0.04641
40880.0, 0.046373
40890.0, 0.046336
40900.0, 0.046299
40910.0, 0.046262
40920.0, 0.046225
40930.0, 0.046189
40940.0, 0.046152
40950.0, 0.046115
